Datetime,TagValue,TagName,batchId,chartArea,AxisLoc
10/11/2015 21:12,13,TX_KR22_PEvent,1510112113,,yRight
10/11/2015 21:12,108.158,TX_KR22_Tempout,1510112113,Temperature,yLeft
10/11/2015 21:13,4240,TX_KR22_matid,1510112113,,
10/11/2015 21:13,13,TX_KR22_PEvent,1510112113,,yRight
10/11/2015 21:13,4.95315,TX_KR22_Pres,1510112113,Pressure,yLeft
10/11/2015 21:14,4240,TX_KR22_matid,1510112113,,
10/11/2015 21:14,102.913,TX_KR22_Tempout,1510112113,Temperature,yLeft
10/11/2015 21:15,32.898,TX_KR22_Po_Tot,1510112113,POAmount,yLeft
10/11/2015 21:15,101.337,TX_KR22_Tempout,1510112113,Temperature,yLeft
10/11/2015 21:17,96.2081,TX_KR22_Tempout,1510112113,Temperature,yLeft
10/11/2015 21:18,95.6341,TX_KR22_Tempout,1510112113,Temperature,yLeft
10/11/2015 21:20,32.898,TX_KR22_Po_Tot,1510112113,POAmount,yLeft
10/11/2015 21:21,0,TX_KR22_Po_Tot,1510112113,POAmount,yLeft
10/11/2015 21:22,5.90228,TX_KR22_Pres,1510112113,Pressure,yLeft
10/11/2015 21:22,88.8136,TX_KR22_Tempout,1510112113,Temperature,yLeft
10/11/2015 21:23,4240,TX_KR22_matid,1510112113,,
10/11/2015 21:25,86.1269,TX_KR22_Tempout,1510112113,Temperature,yLeft
10/11/2015 21:26,86.1269,TX_KR22_Tempout,1510112113,Temperature,yLeft
10/11/2015 21:28,84.521,TX_KR22_Tempout,1510112113,Temperature,yLeft
10/11/2015 21:30,0,TX_KR22_Po_Tot,1510112113,POAmount,yLeft
10/11/2015 21:32,6.90024,TX_KR22_Pres,1510112113,Pressure,yLeft
10/11/2015 21:33,4240,TX_KR22_matid,1510112113,,
10/11/2015 21:38,83.8432,TX_KR22_Tempout,1510112113,Temperature,yLeft
10/11/2015 21:40,0,TX_KR22_Po_Tot,1510112113,POAmount,yLeft
10/11/2015 21:42,4240,TX_KR22_matid,1510112113,,
10/11/2015 21:42,7.19016,TX_KR22_Pres,1510112113,Pressure,yLeft
10/11/2015 21:48,84.6492,TX_KR22_Tempout,1510112113,Temperature,yLeft
10/11/2015 21:50,0,TX_KR22_Po_Tot,1510112113,POAmount,yLeft
10/11/2015 21:52,4240,TX_KR22_matid,1510112113,,
10/11/2015 21:52,7.17795,TX_KR22_Pres,1510112113,Pressure,yLeft
10/11/2015 21:58,84.9911,TX_KR22_Tempout,1510112113,Temperature,yLeft
10/11/2015 22:00,0,TX_KR22_Po_Tot,1510112113,POAmount,yLeft
10/11/2015 22:01,4240,TX_KR22_matid,1510112113,,
10/11/2015 22:01,7.1688,TX_KR22_Pres,1510112113,Pressure,yLeft
10/11/2015 22:08,84.7591,TX_KR22_Tempout,1510112113,Temperature,yLeft
10/11/2015 22:09,0,TX_KR22_Po_Tot,1510112113,POAmount,yLeft
10/11/2015 22:10,4240,TX_KR22_matid,1510112113,,
10/11/2015 22:10,7.13218,TX_KR22_Pres,1510112113,Pressure,yLeft
10/11/2015 22:18,84.5881,TX_KR22_Tempout,1510112113,Temperature,yLeft
10/11/2015 22:19,4240,TX_KR22_matid,1510112113,,
10/11/2015 22:19,0,TX_KR22_Po_Tot,1510112113,POAmount,yLeft
10/11/2015 22:19,7.12912,TX_KR22_Pres,1510112113,Pressure,yLeft
10/11/2015 22:28,84.2767,TX_KR22_Tempout,1510112113,Temperature,yLeft
10/11/2015 22:29,4240,TX_KR22_matid,1510112113,,
10/11/2015 22:29,0,TX_KR22_Po_Tot,1510112113,POAmount,yLeft
10/11/2015 22:29,7.15964,TX_KR22_Pres,1510112113,Pressure,yLeft
10/11/2015 22:30,100,TX_KR22_PEvent,1510112113,,yRight
10/11/2015 22:33,84.2218,TX_KR22_Tempout,1510112113,Temperature,yLeft
10/11/2015 22:35,86.0719,TX_KR22_Tempout,1510112113,Temperature,yLeft
10/11/2015 22:39,4240,TX_KR22_matid,1510112113,,
10/11/2015 22:39,0,TX_KR22_Po_Tot,1510112113,POAmount,yLeft
10/11/2015 22:39,7.58385,TX_KR22_Pres,1510112113,Pressure,yLeft
10/11/2015 22:41,7.58385,TX_KR22_Pres,1510112113,Pressure,yLeft
10/11/2015 22:42,9.25016,TX_KR22_Pres,1510112113,Pressure,yLeft
10/11/2015 22:42,89.5036,TX_KR22_Tempout,1510112113,Temperature,yLeft
10/11/2015 22:43,92.3979,TX_KR22_Tempout,1510112113,Temperature,yLeft
10/11/2015 22:44,92.9902,TX_KR22_Tempout,1510112113,Temperature,yLeft
10/11/2015 22:45,95.3593,TX_KR22_Tempout,1510112113,Temperature,yLeft
10/11/2015 22:48,147,TX_KR22_PEvent,1510112113,,yRight
10/11/2015 22:49,4240,TX_KR22_matid,1510112113,,
10/11/2015 22:49,0,TX_KR22_Po_Tot,1510112113,POAmount,yLeft
10/11/2015 22:51,9.25016,TX_KR22_Pres,1510112113,Pressure,yLeft
10/11/2015 22:52,10.6998,TX_KR22_Pres,1510112113,Pressure,yLeft
10/11/2015 22:52,99.9878,TX_KR22_Tempout,1510112113,Temperature,yLeft
10/11/2015 22:59,4240,TX_KR22_matid,1510112113,,
10/11/2015 22:59,0.0701776,TX_KR22_Po_Tot,1510112113,POAmount,yLeft
10/11/2015 23:01,10.6998,TX_KR22_Pres,1510112113,Pressure,yLeft
10/11/2015 23:02,21.2561,TX_KR22_Pres,1510112113,Pressure,yLeft
10/11/2015 23:02,100.812,TX_KR22_Tempout,1510112113,Temperature,yLeft
10/11/2015 23:09,4240,TX_KR22_matid,1510112113,,
10/11/2015 23:09,0.414963,TX_KR22_Po_Tot,1510112113,POAmount,yLeft
10/11/2015 23:09,21.2561,TX_KR22_Pres,1510112113,Pressure,yLeft
10/11/2015 23:10,26.191,TX_KR22_Pres,1510112113,Pressure,yLeft
10/11/2015 23:11,101.368,TX_KR22_Tempout,1510112113,Temperature,yLeft
10/11/2015 23:19,4240,TX_KR22_matid,1510112113,,
10/11/2015 23:19,0.794837,TX_KR22_Po_Tot,1510112113,POAmount,yLeft
10/11/2015 23:19,26.191,TX_KR22_Pres,1510112113,Pressure,yLeft
10/11/2015 23:20,27.9275,TX_KR22_Pres,1510112113,Pressure,yLeft
10/11/2015 23:20,101.356,TX_KR22_Tempout,1510112113,Temperature,yLeft
10/11/2015 23:29,4240,TX_KR22_matid,1510112113,,
10/11/2015 23:29,1.21895,TX_KR22_Po_Tot,1510112113,POAmount,yLeft
10/11/2015 23:30,28.5775,TX_KR22_Pres,1510112113,Pressure,yLeft
10/11/2015 23:30,100.989,TX_KR22_Tempout,1510112113,Temperature,yLeft
10/11/2015 23:39,4240,TX_KR22_matid,1510112113,,
10/11/2015 23:39,1.60035,TX_KR22_Po_Tot,1510112113,POAmount,yLeft
10/11/2015 23:39,28.5775,TX_KR22_Pres,1510112113,Pressure,yLeft
10/11/2015 23:39,100.837,TX_KR22_Tempout,1510112113,Temperature,yLeft
10/11/2015 23:49,4240,TX_KR22_matid,1510112113,,
10/11/2015 23:49,2.02447,TX_KR22_Po_Tot,1510112113,POAmount,yLeft
10/11/2015 23:49,29.0353,TX_KR22_Pres,1510112113,Pressure,yLeft
10/11/2015 23:49,100.684,TX_KR22_Tempout,1510112113,Temperature,yLeft
10/11/2015 23:59,4240,TX_KR22_matid,1510112113,,
10/11/2015 23:59,2.40587,TX_KR22_Po_Tot,1510112113,POAmount,yLeft
10/11/2015 23:59,29.4992,TX_KR22_Pres,1510112113,Pressure,yLeft
10/11/2015 23:59,100.531,TX_KR22_Tempout,1510112113,Temperature,yLeft
10/12/2015 0:06,30.0394,TX_KR22_Pres,1510112113,Pressure,yLeft
10/12/2015 0:07,31.7087,TX_KR22_Pres,1510112113,Pressure,yLeft
10/12/2015 0:09,4240,TX_KR22_matid,1510112113,,
10/12/2015 0:09,2.7888,TX_KR22_Po_Tot,1510112113,POAmount,yLeft
10/12/2015 0:09,100.201,TX_KR22_Tempout,1510112113,Temperature,yLeft
10/12/2015 0:16,31.7087,TX_KR22_Pres,1510112113,Pressure,yLeft
10/12/2015 0:17,33.6924,TX_KR22_Pres,1510112113,Pressure,yLeft
10/12/2015 0:19,4240,TX_KR22_matid,1510112113,,
10/12/2015 0:19,3.27699,TX_KR22_Po_Tot,1510112113,POAmount,yLeft
10/12/2015 0:19,100.531,TX_KR22_Tempout,1510112113,Temperature,yLeft
10/12/2015 0:26,33.6924,TX_KR22_Pres,1510112113,Pressure,yLeft
10/12/2015 0:27,34.8796,TX_KR22_Pres,1510112113,Pressure,yLeft
10/12/2015 0:29,4240,TX_KR22_matid,1510112113,,
10/12/2015 0:29,4.21523,TX_KR22_Po_Tot,1510112113,POAmount,yLeft
10/12/2015 0:29,100.495,TX_KR22_Tempout,1510112113,Temperature,yLeft
10/12/2015 0:37,35.847,TX_KR22_Pres,1510112113,Pressure,yLeft
10/12/2015 0:39,4240,TX_KR22_matid,1510112113,,
10/12/2015 0:39,4.67444,TX_KR22_Po_Tot,1510112113,POAmount,yLeft
10/12/2015 0:39,100.604,TX_KR22_Tempout,1510112113,Temperature,yLeft
10/12/2015 0:47,36.5886,TX_KR22_Pres,1510112113,Pressure,yLeft
10/12/2015 0:49,4240,TX_KR22_matid,1510112113,,
10/12/2015 0:49,5.12296,TX_KR22_Po_Tot,1510112113,POAmount,yLeft
10/12/2015 0:49,100.647,TX_KR22_Tempout,1510112113,Temperature,yLeft
10/12/2015 0:57,37.2478,TX_KR22_Pres,1510112113,Pressure,yLeft
10/12/2015 0:58,4240,TX_KR22_matid,1510112113,,
10/12/2015 0:58,5.61268,TX_KR22_Po_Tot,1510112113,POAmount,yLeft
10/12/2015 0:58,100.659,TX_KR22_Tempout,1510112113,Temperature,yLeft
10/12/2015 1:07,37.7483,TX_KR22_Pres,1510112113,Pressure,yLeft
10/12/2015 1:08,4240,TX_KR22_matid,1510112113,,
10/12/2015 1:08,6.07189,TX_KR22_Po_Tot,1510112113,POAmount,yLeft
10/12/2015 1:08,100.562,TX_KR22_Tempout,1510112113,Temperature,yLeft
10/12/2015 1:17,38.4228,TX_KR22_Pres,1510112113,Pressure,yLeft
10/12/2015 1:18,4240,TX_KR22_matid,1510112113,,
10/12/2015 1:18,6.56923,TX_KR22_Po_Tot,1510112113,POAmount,yLeft
10/12/2015 1:18,100.666,TX_KR22_Tempout,1510112113,Temperature,yLeft
10/12/2015 1:27,4240,TX_KR22_matid,1510112113,,
10/12/2015 1:27,7.01928,TX_KR22_Po_Tot,1510112113,POAmount,yLeft
10/12/2015 1:27,38.8562,TX_KR22_Pres,1510112113,Pressure,yLeft
10/12/2015 1:27,100.641,TX_KR22_Tempout,1510112113,Temperature,yLeft
10/12/2015 1:33,38.8562,TX_KR22_Pres,1510112113,Pressure,yLeft
10/12/2015 1:34,40.0922,TX_KR22_Pres,1510112113,Pressure,yLeft
10/12/2015 1:37,4240,TX_KR22_matid,1510112113,,
10/12/2015 1:37,7.56545,TX_KR22_Po_Tot,1510112113,POAmount,yLeft
10/12/2015 1:37,100.293,TX_KR22_Tempout,1510112113,Temperature,yLeft
10/12/2015 1:43,40.0922,TX_KR22_Pres,1510112113,Pressure,yLeft
10/12/2015 1:44,41.6913,TX_KR22_Pres,1510112113,Pressure,yLeft
10/12/2015 1:47,4240,TX_KR22_matid,1510112113,,
10/12/2015 1:47,8.075,TX_KR22_Po_Tot,1510112113,POAmount,yLeft
10/12/2015 1:47,100.568,TX_KR22_Tempout,1510112113,Temperature,yLeft
10/12/2015 1:54,42.6771,TX_KR22_Pres,1510112113,Pressure,yLeft
10/12/2015 1:57,4240,TX_KR22_matid,1510112113,,
10/12/2015 1:57,8.58302,TX_KR22_Po_Tot,1510112113,POAmount,yLeft
10/12/2015 1:57,100.672,TX_KR22_Tempout,1510112113,Temperature,yLeft
10/12/2015 2:04,43.4431,TX_KR22_Pres,1510112113,Pressure,yLeft
10/12/2015 2:07,4240,TX_KR22_matid,1510112113,,
10/12/2015 2:07,9.1475,TX_KR22_Po_Tot,1510112113,POAmount,yLeft
10/12/2015 2:07,100.684,TX_KR22_Tempout,1510112113,Temperature,yLeft
10/12/2015 2:13,43.4431,TX_KR22_Pres,1510112113,Pressure,yLeft
10/12/2015 2:17,4240,TX_KR22_matid,1510112113,,
10/12/2015 2:17,9.71349,TX_KR22_Po_Tot,1510112113,POAmount,yLeft
10/12/2015 2:17,100.721,TX_KR22_Tempout,1510112113,Temperature,yLeft
10/12/2015 2:23,44.3922,TX_KR22_Pres,1510112113,Pressure,yLeft
10/12/2015 2:26,4240,TX_KR22_matid,1510112113,,
10/12/2015 2:26,10.223,TX_KR22_Po_Tot,1510112113,POAmount,yLeft
10/12/2015 2:26,100.745,TX_KR22_Tempout,1510112113,Temperature,yLeft
10/12/2015 2:33,44.9507,TX_KR22_Pres,1510112113,Pressure,yLeft
10/12/2015 2:36,4240,TX_KR22_matid,1510112113,,
10/12/2015 2:36,10.7784,TX_KR22_Po_Tot,1510112113,POAmount,yLeft
10/12/2015 2:36,100.666,TX_KR22_Tempout,1510112113,Temperature,yLeft
10/12/2015 2:42,44.9507,TX_KR22_Pres,1510112113,Pressure,yLeft
10/12/2015 2:46,4240,TX_KR22_matid,1510112113,,
10/12/2015 2:46,11.2955,TX_KR22_Po_Tot,1510112113,POAmount,yLeft
10/12/2015 2:46,100.849,TX_KR22_Tempout,1510112113,Temperature,yLeft
10/12/2015 2:52,45.4787,TX_KR22_Pres,1510112113,Pressure,yLeft
10/12/2015 2:56,4240,TX_KR22_matid,1510112113,,
10/12/2015 2:56,11.8219,TX_KR22_Po_Tot,1510112113,POAmount,yLeft
10/12/2015 2:56,100.067,TX_KR22_Tempout,1510112113,Temperature,yLeft
10/12/2015 2:57,46.2539,TX_KR22_Pres,1510112113,Pressure,yLeft
10/12/2015 2:58,47.441,TX_KR22_Pres,1510112113,Pressure,yLeft
10/12/2015 3:05,4240,TX_KR22_matid,1510112113,,
10/12/2015 3:05,12.5267,TX_KR22_Po_Tot,1510112113,POAmount,yLeft
10/12/2015 3:05,99.3711,TX_KR22_Tempout,1510112113,Temperature,yLeft
10/12/2015 3:07,47.441,TX_KR22_Pres,1510112113,Pressure,yLeft
10/12/2015 3:08,50.5295,TX_KR22_Pres,1510112113,Pressure,yLeft
10/12/2015 3:15,4240,TX_KR22_matid,1510112113,,
10/12/2015 3:15,13.2132,TX_KR22_Po_Tot,1510112113,POAmount,yLeft
10/12/2015 3:15,99.6214,TX_KR22_Tempout,1510112113,Temperature,yLeft
10/12/2015 3:17,50.5295,TX_KR22_Pres,1510112113,Pressure,yLeft
10/12/2015 3:18,53.1358,TX_KR22_Pres,1510112113,Pressure,yLeft
10/12/2015 3:25,4240,TX_KR22_matid,1510112113,,
10/12/2015 3:25,13.9028,TX_KR22_Po_Tot,1510112113,POAmount,yLeft
10/12/2015 3:25,100.299,TX_KR22_Tempout,1510112113,Temperature,yLeft
10/12/2015 3:27,53.1358,TX_KR22_Pres,1510112113,Pressure,yLeft
10/12/2015 3:28,54.9364,TX_KR22_Pres,1510112113,Pressure,yLeft
10/12/2015 3:35,4240,TX_KR22_matid,1510112113,,
10/12/2015 3:35,14.6671,TX_KR22_Po_Tot,1510112113,POAmount,yLeft
10/12/2015 3:35,100.763,TX_KR22_Tempout,1510112113,Temperature,yLeft
10/12/2015 3:36,54.9364,TX_KR22_Pres,1510112113,Pressure,yLeft
10/12/2015 3:37,56.1022,TX_KR22_Pres,1510112113,Pressure,yLeft
10/12/2015 3:44,4240,TX_KR22_matid,1510112113,,
10/12/2015 3:44,15.3567,TX_KR22_Po_Tot,1510112113,POAmount,yLeft
10/12/2015 3:44,100.934,TX_KR22_Tempout,1510112113,Temperature,yLeft
10/12/2015 3:47,56.9353,TX_KR22_Pres,1510112113,Pressure,yLeft
10/12/2015 3:54,4240,TX_KR22_matid,1510112113,,
10/12/2015 3:54,16.121,TX_KR22_Po_Tot,1510112113,POAmount,yLeft
10/12/2015 3:54,100.953,TX_KR22_Tempout,1510112113,Temperature,yLeft
10/12/2015 3:56,56.9353,TX_KR22_Pres,1510112113,Pressure,yLeft
10/12/2015 4:03,4240,TX_KR22_matid,1510112113,,
10/12/2015 4:03,16.8091,TX_KR22_Po_Tot,1510112113,POAmount,yLeft
10/12/2015 4:03,101.001,TX_KR22_Tempout,1510112113,Temperature,yLeft
10/12/2015 4:06,57.6922,TX_KR22_Pres,1510112113,Pressure,yLeft
10/12/2015 4:13,4240,TX_KR22_matid,1510112113,,
10/12/2015 4:13,17.5734,TX_KR22_Po_Tot,1510112113,POAmount,yLeft
10/12/2015 4:13,101.044,TX_KR22_Tempout,1510112113,Temperature,yLeft
10/12/2015 4:15,58.5467,TX_KR22_Pres,1510112113,Pressure,yLeft
10/12/2015 4:22,4240,TX_KR22_matid,1510112113,,
10/12/2015 4:22,18.263,TX_KR22_Po_Tot,1510112113,POAmount,yLeft
10/12/2015 4:22,100.977,TX_KR22_Tempout,1510112113,Temperature,yLeft
10/12/2015 4:25,59.2822,TX_KR22_Pres,1510112113,Pressure,yLeft
10/12/2015 4:32,4240,TX_KR22_matid,1510112113,,
10/12/2015 4:32,19.0273,TX_KR22_Po_Tot,1510112113,POAmount,yLeft
10/12/2015 4:32,101.026,TX_KR22_Tempout,1510112113,Temperature,yLeft
10/12/2015 4:35,60.2649,TX_KR22_Pres,1510112113,Pressure,yLeft
10/12/2015 4:41,4240,TX_KR22_matid,1510112113,,
10/12/2015 4:41,19.7153,TX_KR22_Po_Tot,1510112113,POAmount,yLeft
10/12/2015 4:41,101.062,TX_KR22_Tempout,1510112113,Temperature,yLeft
10/12/2015 4:44,61.0889,TX_KR22_Pres,1510112113,Pressure,yLeft
10/12/2015 4:51,4240,TX_KR22_matid,1510112113,,
10/12/2015 4:51,20.4812,TX_KR22_Po_Tot,1510112113,POAmount,yLeft
10/12/2015 4:51,100.989,TX_KR22_Tempout,1510112113,Temperature,yLeft
10/12/2015 4:54,61.919,TX_KR22_Pres,1510112113,Pressure,yLeft
10/12/2015 5:01,4240,TX_KR22_matid,1510112113,,
10/12/2015 5:01,21.1707,TX_KR22_Po_Tot,1510112113,POAmount,yLeft
10/12/2015 5:01,100.983,TX_KR22_Tempout,1510112113,Temperature,yLeft
10/12/2015 5:04,62.7216,TX_KR22_Pres,1510112113,Pressure,yLeft
10/12/2015 5:10,4240,TX_KR22_matid,1510112113,,
10/12/2015 5:10,21.9244,TX_KR22_Po_Tot,1510112113,POAmount,yLeft
10/12/2015 5:10,100.989,TX_KR22_Tempout,1510112113,Temperature,yLeft
10/12/2015 5:14,63.7043,TX_KR22_Pres,1510112113,Pressure,yLeft
10/12/2015 5:15,64.8305,TX_KR22_Pres,1510112113,Pressure,yLeft
10/12/2015 5:19,4240,TX_KR22_matid,1510112113,,
10/12/2015 5:19,22.6109,TX_KR22_Po_Tot,1510112113,POAmount,yLeft
10/12/2015 5:19,100.873,TX_KR22_Tempout,1510112113,Temperature,yLeft
10/12/2015 5:24,64.8305,TX_KR22_Pres,1510112113,Pressure,yLeft
10/12/2015 5:25,66.0939,TX_KR22_Pres,1510112113,Pressure,yLeft
10/12/2015 5:29,4240,TX_KR22_matid,1510112113,,
10/12/2015 5:29,23.3829,TX_KR22_Po_Tot,1510112113,POAmount,yLeft
10/12/2015 5:29,100.861,TX_KR22_Tempout,1510112113,Temperature,yLeft
10/12/2015 5:34,66.0939,TX_KR22_Pres,1510112113,Pressure,yLeft
10/12/2015 5:35,67.3696,TX_KR22_Pres,1510112113,Pressure,yLeft
10/12/2015 5:38,4240,TX_KR22_matid,1510112113,,
10/12/2015 5:38,24.0709,TX_KR22_Po_Tot,1510112113,POAmount,yLeft
10/12/2015 5:38,100.983,TX_KR22_Tempout,1510112113,Temperature,yLeft
10/12/2015 5:44,67.3696,TX_KR22_Pres,1510112113,Pressure,yLeft
10/12/2015 5:45,68.6331,TX_KR22_Pres,1510112113,Pressure,yLeft
10/12/2015 5:47,4240,TX_KR22_matid,1510112113,,
10/12/2015 5:47,24.7605,TX_KR22_Po_Tot,1510112113,POAmount,yLeft
10/12/2015 5:47,101.02,TX_KR22_Tempout,1510112113,Temperature,yLeft
10/12/2015 5:54,68.6331,TX_KR22_Pres,1510112113,Pressure,yLeft
10/12/2015 5:55,69.9789,TX_KR22_Pres,1510112113,Pressure,yLeft
10/12/2015 5:57,4240,TX_KR22_matid,1510112113,,
10/12/2015 5:57,25.5233,TX_KR22_Po_Tot,1510112113,POAmount,yLeft
10/12/2015 5:57,100.916,TX_KR22_Tempout,1510112113,Temperature,yLeft
10/12/2015 6:04,69.9789,TX_KR22_Pres,1510112113,Pressure,yLeft
10/12/2015 6:07,4240,TX_KR22_matid,1510112113,,
10/12/2015 6:07,26.2128,TX_KR22_Po_Tot,1510112113,POAmount,yLeft
10/12/2015 6:07,100.983,TX_KR22_Tempout,1510112113,Temperature,yLeft
10/12/2015 6:14,69.7775,TX_KR22_Pres,1510112113,Pressure,yLeft
10/12/2015 6:17,4240,TX_KR22_matid,1510112113,,
10/12/2015 6:17,26.9665,TX_KR22_Po_Tot,1510112113,POAmount,yLeft
10/12/2015 6:17,100.928,TX_KR22_Tempout,1510112113,Temperature,yLeft
10/12/2015 6:24,69.8538,TX_KR22_Pres,1510112113,Pressure,yLeft
10/12/2015 6:27,4240,TX_KR22_matid,1510112113,,
10/12/2015 6:27,27.6683,TX_KR22_Po_Tot,1510112113,POAmount,yLeft
10/12/2015 6:27,100.965,TX_KR22_Tempout,1510112113,Temperature,yLeft
10/12/2015 6:34,69.9637,TX_KR22_Pres,1510112113,Pressure,yLeft
10/12/2015 6:36,4240,TX_KR22_matid,1510112113,,
10/12/2015 6:36,28.4326,TX_KR22_Po_Tot,1510112113,POAmount,yLeft
10/12/2015 6:36,100.928,TX_KR22_Tempout,1510112113,Temperature,yLeft
10/12/2015 6:44,69.8264,TX_KR22_Pres,1510112113,Pressure,yLeft
10/12/2015 6:46,4240,TX_KR22_matid,1510112113,,
10/12/2015 6:46,29.1222,TX_KR22_Po_Tot,1510112113,POAmount,yLeft
10/12/2015 6:46,100.898,TX_KR22_Tempout,1510112113,Temperature,yLeft
10/12/2015 6:54,69.9179,TX_KR22_Pres,1510112113,Pressure,yLeft
10/12/2015 6:56,4240,TX_KR22_matid,1510112113,,
10/12/2015 6:56,29.8758,TX_KR22_Po_Tot,1510112113,POAmount,yLeft
10/12/2015 6:56,100.775,TX_KR22_Tempout,1510112113,Temperature,yLeft
10/12/2015 7:03,69.9179,TX_KR22_Pres,1510112113,Pressure,yLeft
10/12/2015 7:05,30.5776,TX_KR22_Po_Tot,1510112113,POAmount,yLeft
10/12/2015 7:06,4240,TX_KR22_matid,1510112113,,
10/12/2015 7:06,100.666,TX_KR22_Tempout,1510112113,Temperature,yLeft
10/12/2015 7:13,69.8782,TX_KR22_Pres,1510112113,Pressure,yLeft
10/12/2015 7:14,31.2656,TX_KR22_Po_Tot,1510112113,POAmount,yLeft
10/12/2015 7:16,4240,TX_KR22_matid,1510112113,,
10/12/2015 7:16,100.684,TX_KR22_Tempout,1510112113,Temperature,yLeft
10/12/2015 7:22,69.7897,TX_KR22_Pres,1510112113,Pressure,yLeft
10/12/2015 7:23,32.0376,TX_KR22_Po_Tot,1510112113,POAmount,yLeft
10/12/2015 7:25,4240,TX_KR22_matid,1510112113,,
10/12/2015 7:25,100.562,TX_KR22_Tempout,1510112113,Temperature,yLeft
10/12/2015 7:31,150,TX_KR22_PEvent,1510112113,,yRight
10/12/2015 7:32,69.1214,TX_KR22_Pres,1510112113,Pressure,yLeft
10/12/2015 7:33,32.7287,TX_KR22_Po_Tot,1510112113,POAmount,yLeft
10/12/2015 7:35,4240,TX_KR22_matid,1510112113,,
10/12/2015 7:35,69.1214,TX_KR22_Pres,1510112113,Pressure,yLeft
10/12/2015 7:35,100.635,TX_KR22_Tempout,1510112113,Temperature,yLeft
10/12/2015 7:36,67.2994,TX_KR22_Pres,1510112113,Pressure,yLeft
10/12/2015 7:42,67.2994,TX_KR22_Pres,1510112113,Pressure,yLeft
10/12/2015 7:43,33.2886,TX_KR22_Po_Tot,1510112113,POAmount,yLeft
10/12/2015 7:43,64.9556,TX_KR22_Pres,1510112113,Pressure,yLeft
10/12/2015 7:44,4240,TX_KR22_matid,1510112113,,
10/12/2015 7:44,101.826,TX_KR22_Tempout,1510112113,Temperature,yLeft
10/12/2015 7:48,64.9556,TX_KR22_Pres,1510112113,Pressure,yLeft
10/12/2015 7:49,62.2974,TX_KR22_Pres,1510112113,Pressure,yLeft
10/12/2015 7:53,33.2886,TX_KR22_Po_Tot,1510112113,POAmount,yLeft
10/12/2015 7:54,4240,TX_KR22_matid,1510112113,,
10/12/2015 7:54,103.651,TX_KR22_Tempout,1510112113,Temperature,yLeft
10/12/2015 7:55,62.2974,TX_KR22_Pres,1510112113,Pressure,yLeft
10/12/2015 7:56,59.8376,TX_KR22_Pres,1510112113,Pressure,yLeft
10/12/2015 8:02,33.2886,TX_KR22_Po_Tot,1510112113,POAmount,yLeft
10/12/2015 8:04,4240,TX_KR22_matid,1510112113,,
10/12/2015 8:04,106.393,TX_KR22_Tempout,1510112113,Temperature,yLeft
10/12/2015 8:05,59.8376,TX_KR22_Pres,1510112113,Pressure,yLeft
10/12/2015 8:06,56.0198,TX_KR22_Pres,1510112113,Pressure,yLeft
10/12/2015 8:11,33.2886,TX_KR22_Po_Tot,1510112113,POAmount,yLeft
10/12/2015 8:14,4240,TX_KR22_matid,1510112113,,
10/12/2015 8:14,108.75,TX_KR22_Tempout,1510112113,Temperature,yLeft
10/12/2015 8:15,56.0198,TX_KR22_Pres,1510112113,Pressure,yLeft
10/12/2015 8:16,51.6739,TX_KR22_Pres,1510112113,Pressure,yLeft
10/12/2015 8:21,33.2886,TX_KR22_Po_Tot,1510112113,POAmount,yLeft
10/12/2015 8:22,110.032,TX_KR22_Tempout,1510112113,Temperature,yLeft
10/12/2015 8:24,4240,TX_KR22_matid,1510112113,,
10/12/2015 8:25,51.6739,TX_KR22_Pres,1510112113,Pressure,yLeft
10/12/2015 8:26,47.0534,TX_KR22_Pres,1510112113,Pressure,yLeft
10/12/2015 8:31,33.2886,TX_KR22_Po_Tot,1510112113,POAmount,yLeft
10/12/2015 8:31,109.825,TX_KR22_Tempout,1510112113,Temperature,yLeft
10/12/2015 8:34,4240,TX_KR22_matid,1510112113,,
10/12/2015 8:35,47.0534,TX_KR22_Pres,1510112113,Pressure,yLeft
10/12/2015 8:36,43.3332,TX_KR22_Pres,1510112113,Pressure,yLeft
10/12/2015 8:41,33.2886,TX_KR22_Po_Tot,1510112113,POAmount,yLeft
10/12/2015 8:41,108.713,TX_KR22_Tempout,1510112113,Temperature,yLeft
10/12/2015 8:44,4240,TX_KR22_matid,1510112113,,
10/12/2015 8:45,43.3332,TX_KR22_Pres,1510112113,Pressure,yLeft
10/12/2015 8:46,40.8673,TX_KR22_Pres,1510112113,Pressure,yLeft
10/12/2015 8:51,33.2886,TX_KR22_Po_Tot,1510112113,POAmount,yLeft
10/12/2015 8:51,107.785,TX_KR22_Tempout,1510112113,Temperature,yLeft
10/12/2015 8:54,4240,TX_KR22_matid,1510112113,,
10/12/2015 8:55,40.8673,TX_KR22_Pres,1510112113,Pressure,yLeft
10/12/2015 8:56,39.2132,TX_KR22_Pres,1510112113,Pressure,yLeft
10/12/2015 9:01,33.2886,TX_KR22_Po_Tot,1510112113,POAmount,yLeft
10/12/2015 9:01,107.315,TX_KR22_Tempout,1510112113,Temperature,yLeft
10/12/2015 9:04,4240,TX_KR22_matid,1510112113,,
10/12/2015 9:05,39.2132,TX_KR22_Pres,1510112113,Pressure,yLeft
10/12/2015 9:06,38.0352,TX_KR22_Pres,1510112113,Pressure,yLeft
10/12/2015 9:11,33.2886,TX_KR22_Po_Tot,1510112113,POAmount,yLeft
10/12/2015 9:11,107.126,TX_KR22_Tempout,1510112113,Temperature,yLeft
10/12/2015 9:14,4240,TX_KR22_matid,1510112113,,
10/12/2015 9:16,37.2051,TX_KR22_Pres,1510112113,Pressure,yLeft
10/12/2015 9:20,33.2886,TX_KR22_Po_Tot,1510112113,POAmount,yLeft
10/12/2015 9:20,107.217,TX_KR22_Tempout,1510112113,Temperature,yLeft
10/12/2015 9:24,4240,TX_KR22_matid,1510112113,,
10/12/2015 9:26,36.5551,TX_KR22_Pres,1510112113,Pressure,yLeft
10/12/2015 9:29,33.2886,TX_KR22_Po_Tot,1510112113,POAmount,yLeft
10/12/2015 9:29,107.187,TX_KR22_Tempout,1510112113,Temperature,yLeft
10/12/2015 9:34,4240,TX_KR22_matid,1510112113,,
10/12/2015 9:36,36.0607,TX_KR22_Pres,1510112113,Pressure,yLeft
10/12/2015 9:39,33.2886,TX_KR22_Po_Tot,1510112113,POAmount,yLeft
10/12/2015 9:39,107.352,TX_KR22_Tempout,1510112113,Temperature,yLeft
10/12/2015 9:44,4240,TX_KR22_matid,1510112113,,
10/12/2015 9:45,35.7646,TX_KR22_Pres,1510112113,Pressure,yLeft
10/12/2015 9:49,33.2886,TX_KR22_Po_Tot,1510112113,POAmount,yLeft
10/12/2015 9:49,107.443,TX_KR22_Tempout,1510112113,Temperature,yLeft
10/12/2015 9:54,4240,TX_KR22_matid,1510112113,,
10/12/2015 9:55,35.5174,TX_KR22_Pres,1510112113,Pressure,yLeft
10/12/2015 9:59,33.2886,TX_KR22_Po_Tot,1510112113,POAmount,yLeft
10/12/2015 9:59,107.614,TX_KR22_Tempout,1510112113,Temperature,yLeft
10/12/2015 10:04,4240,TX_KR22_matid,1510112113,,
10/12/2015 10:04,35.5174,TX_KR22_Pres,1510112113,Pressure,yLeft
10/12/2015 10:09,33.2886,TX_KR22_Po_Tot,1510112113,POAmount,yLeft
10/12/2015 10:09,107.761,TX_KR22_Tempout,1510112113,Temperature,yLeft
10/12/2015 10:14,4240,TX_KR22_matid,1510112113,,
10/12/2015 10:14,35.2,TX_KR22_Pres,1510112113,Pressure,yLeft
10/12/2015 10:19,33.2886,TX_KR22_Po_Tot,1510112113,POAmount,yLeft
10/12/2015 10:19,107.798,TX_KR22_Tempout,1510112113,Temperature,yLeft
10/12/2015 10:23,4240,TX_KR22_matid,1510112113,,
10/12/2015 10:23,35.1268,TX_KR22_Pres,1510112113,Pressure,yLeft
10/12/2015 10:29,33.2886,TX_KR22_Po_Tot,1510112113,POAmount,yLeft
10/12/2015 10:29,107.871,TX_KR22_Tempout,1510112113,Temperature,yLeft
10/12/2015 10:33,4240,TX_KR22_matid,1510112113,,
10/12/2015 10:33,35.0352,TX_KR22_Pres,1510112113,Pressure,yLeft
10/12/2015 10:39,33.2886,TX_KR22_Po_Tot,1510112113,POAmount,yLeft
10/12/2015 10:39,107.926,TX_KR22_Tempout,1510112113,Temperature,yLeft
10/12/2015 10:43,4240,TX_KR22_matid,1510112113,,
10/12/2015 10:43,35.0017,TX_KR22_Pres,1510112113,Pressure,yLeft
10/12/2015 10:49,33.2886,TX_KR22_Po_Tot,1510112113,POAmount,yLeft
10/12/2015 10:49,107.975,TX_KR22_Tempout,1510112113,Temperature,yLeft
10/12/2015 10:53,4240,TX_KR22_matid,1510112113,,
10/12/2015 10:53,34.9712,TX_KR22_Pres,1510112113,Pressure,yLeft
10/12/2015 10:59,33.2886,TX_KR22_Po_Tot,1510112113,POAmount,yLeft
10/12/2015 10:59,108.023,TX_KR22_Tempout,1510112113,Temperature,yLeft
10/12/2015 11:03,4240,TX_KR22_matid,1510112113,,
10/12/2015 11:03,34.959,TX_KR22_Pres,1510112113,Pressure,yLeft
10/12/2015 11:06,34.959,TX_KR22_Pres,1510112113,Pressure,yLeft
10/12/2015 11:07,171,TX_KR22_PEvent,1510112113,,yRight
10/12/2015 11:07,36.082,TX_KR22_Pres,1510112113,Pressure,yLeft
10/12/2015 11:09,33.2886,TX_KR22_Po_Tot,1510112113,POAmount,yLeft
10/12/2015 11:09,108.054,TX_KR22_Tempout,1510112113,Temperature,yLeft
10/12/2015 11:13,4240,TX_KR22_matid,1510112113,,
10/12/2015 11:17,36.7504,TX_KR22_Pres,1510112113,Pressure,yLeft
10/12/2015 11:19,33.2886,TX_KR22_Po_Tot,1510112113,POAmount,yLeft
10/12/2015 11:19,108.97,TX_KR22_Tempout,1510112113,Temperature,yLeft
10/12/2015 11:23,4240,TX_KR22_matid,1510112113,,
10/12/2015 11:27,37.1899,TX_KR22_Pres,1510112113,Pressure,yLeft
10/12/2015 11:28,33.2886,TX_KR22_Po_Tot,1510112113,POAmount,yLeft
10/12/2015 11:28,111.351,TX_KR22_Tempout,1510112113,Temperature,yLeft
10/12/2015 11:33,4240,TX_KR22_matid,1510112113,,
10/12/2015 11:37,37.6049,TX_KR22_Pres,1510112113,Pressure,yLeft
10/12/2015 11:38,33.2886,TX_KR22_Po_Tot,1510112113,POAmount,yLeft
10/12/2015 11:38,114.093,TX_KR22_Tempout,1510112113,Temperature,yLeft
10/12/2015 11:43,4240,TX_KR22_matid,1510112113,,
10/12/2015 11:45,115.412,TX_KR22_Tempout,1510112113,Temperature,yLeft
10/12/2015 11:47,37.9742,TX_KR22_Pres,1510112113,Pressure,yLeft
10/12/2015 11:48,33.2886,TX_KR22_Po_Tot,1510112113,POAmount,yLeft
10/12/2015 11:48,116.688,TX_KR22_Tempout,1510112113,Temperature,yLeft
10/12/2015 11:50,183,TX_KR22_PEvent,1510112113,,yRight
10/12/2015 11:52,4240,TX_KR22_matid,1510112113,,
10/12/2015 11:53,38.8287,TX_KR22_Pres,1510112113,Pressure,yLeft
10/12/2015 11:53,117.928,TX_KR22_Tempout,1510112113,Temperature,yLeft
10/12/2015 11:54,41.2458,TX_KR22_Pres,1510112113,Pressure,yLeft
10/12/2015 11:57,41.2458,TX_KR22_Pres,1510112113,Pressure,yLeft
10/12/2015 11:58,33.2886,TX_KR22_Po_Tot,1510112113,POAmount,yLeft
10/12/2015 11:58,44.2091,TX_KR22_Pres,1510112113,Pressure,yLeft
10/12/2015 12:01,4240,TX_KR22_matid,1510112113,,
10/12/2015 12:03,118.367,TX_KR22_Tempout,1510112113,Temperature,yLeft
10/12/2015 12:04,44.2091,TX_KR22_Pres,1510112113,Pressure,yLeft
10/12/2015 12:05,47.9354,TX_KR22_Pres,1510112113,Pressure,yLeft
10/12/2015 12:08,33.2886,TX_KR22_Po_Tot,1510112113,POAmount,yLeft
10/12/2015 12:11,4240,TX_KR22_matid,1510112113,,
10/12/2015 12:13,118.673,TX_KR22_Tempout,1510112113,Temperature,yLeft
10/12/2015 12:14,47.9354,TX_KR22_Pres,1510112113,Pressure,yLeft
10/12/2015 12:15,52.0676,TX_KR22_Pres,1510112113,Pressure,yLeft
10/12/2015 12:18,33.2886,TX_KR22_Po_Tot,1510112113,POAmount,yLeft
10/12/2015 12:21,4240,TX_KR22_matid,1510112113,,
10/12/2015 12:23,118.905,TX_KR22_Tempout,1510112113,Temperature,yLeft
10/12/2015 12:24,52.0676,TX_KR22_Pres,1510112113,Pressure,yLeft
10/12/2015 12:25,54.1978,TX_KR22_Pres,1510112113,Pressure,yLeft
10/12/2015 12:28,33.2886,TX_KR22_Po_Tot,1510112113,POAmount,yLeft
10/12/2015 12:30,4240,TX_KR22_matid,1510112113,,
10/12/2015 12:32,119.045,TX_KR22_Tempout,1510112113,Temperature,yLeft
10/12/2015 12:34,54.1978,TX_KR22_Pres,1510112113,Pressure,yLeft
10/12/2015 12:35,56.0289,TX_KR22_Pres,1510112113,Pressure,yLeft
10/12/2015 12:37,33.2886,TX_KR22_Po_Tot,1510112113,POAmount,yLeft
10/12/2015 12:39,4240,TX_KR22_matid,1510112113,,
10/12/2015 12:42,119.002,TX_KR22_Tempout,1510112113,Temperature,yLeft
10/12/2015 12:44,56.0289,TX_KR22_Pres,1510112113,Pressure,yLeft
10/12/2015 12:45,58.0248,TX_KR22_Pres,1510112113,Pressure,yLeft
10/12/2015 12:47,33.2886,TX_KR22_Po_Tot,1510112113,POAmount,yLeft
10/12/2015 12:48,4240,TX_KR22_matid,1510112113,,
10/12/2015 12:52,118.874,TX_KR22_Tempout,1510112113,Temperature,yLeft
10/12/2015 12:53,58.0248,TX_KR22_Pres,1510112113,Pressure,yLeft
10/12/2015 12:54,59.978,TX_KR22_Pres,1510112113,Pressure,yLeft
10/12/2015 12:57,33.2886,TX_KR22_Po_Tot,1510112113,POAmount,yLeft
10/12/2015 12:58,4240,TX_KR22_matid,1510112113,,
10/12/2015 13:01,118.77,TX_KR22_Tempout,1510112113,Temperature,yLeft
10/12/2015 13:02,59.978,TX_KR22_Pres,1510112113,Pressure,yLeft
10/12/2015 13:03,62.4226,TX_KR22_Pres,1510112113,Pressure,yLeft
10/12/2015 13:07,33.2886,TX_KR22_Po_Tot,1510112113,POAmount,yLeft
10/12/2015 13:08,4240,TX_KR22_matid,1510112113,,
10/12/2015 13:08,62.4226,TX_KR22_Pres,1510112113,Pressure,yLeft
10/12/2015 13:09,63.7959,TX_KR22_Pres,1510112113,Pressure,yLeft
10/12/2015 13:11,118.74,TX_KR22_Tempout,1510112113,Temperature,yLeft
10/12/2015 13:15,63.7959,TX_KR22_Pres,1510112113,Pressure,yLeft
10/12/2015 13:16,65.7155,TX_KR22_Pres,1510112113,Pressure,yLeft
10/12/2015 13:17,33.2886,TX_KR22_Po_Tot,1510112113,POAmount,yLeft
10/12/2015 13:18,4240,TX_KR22_matid,1510112113,,
10/12/2015 13:21,118.599,TX_KR22_Tempout,1510112113,Temperature,yLeft
10/12/2015 13:22,65.7155,TX_KR22_Pres,1510112113,Pressure,yLeft
10/12/2015 13:23,67.626,TX_KR22_Pres,1510112113,Pressure,yLeft
10/12/2015 13:27,4240,TX_KR22_matid,1510112113,,
10/12/2015 13:27,33.2886,TX_KR22_Po_Tot,1510112113,POAmount,yLeft
10/12/2015 13:27,67.626,TX_KR22_Pres,1510112113,Pressure,yLeft
10/12/2015 13:28,69.1855,TX_KR22_Pres,1510112113,Pressure,yLeft
10/12/2015 13:30,118.508,TX_KR22_Tempout,1510112113,Temperature,yLeft
10/12/2015 13:37,4240,TX_KR22_matid,1510112113,,
10/12/2015 13:37,33.2886,TX_KR22_Po_Tot,1510112113,POAmount,yLeft
10/12/2015 13:37,69.7348,TX_KR22_Pres,1510112113,Pressure,yLeft
10/12/2015 13:39,118.611,TX_KR22_Tempout,1510112113,Temperature,yLeft
10/12/2015 13:47,4240,TX_KR22_matid,1510112113,,
10/12/2015 13:47,33.2886,TX_KR22_Po_Tot,1510112113,POAmount,yLeft
10/12/2015 13:47,69.5151,TX_KR22_Pres,1510112113,Pressure,yLeft
10/12/2015 13:49,118.483,TX_KR22_Tempout,1510112113,Temperature,yLeft
10/12/2015 13:56,4240,TX_KR22_matid,1510112113,,
10/12/2015 13:56,33.2886,TX_KR22_Po_Tot,1510112113,POAmount,yLeft
10/12/2015 13:56,69.9179,TX_KR22_Pres,1510112113,Pressure,yLeft
10/12/2015 13:59,118.471,TX_KR22_Tempout,1510112113,Temperature,yLeft
10/12/2015 14:06,4240,TX_KR22_matid,1510112113,,
10/12/2015 14:06,33.2886,TX_KR22_Po_Tot,1510112113,POAmount,yLeft
10/12/2015 14:06,69.689,TX_KR22_Pres,1510112113,Pressure,yLeft
10/12/2015 14:09,118.483,TX_KR22_Tempout,1510112113,Temperature,yLeft
10/12/2015 14:13,186,TX_KR22_PEvent,1510112113,,yRight
10/12/2015 14:14,68.7307,TX_KR22_Pres,1510112113,Pressure,yLeft
10/12/2015 14:15,4240,TX_KR22_matid,1510112113,,
10/12/2015 14:15,33.2886,TX_KR22_Po_Tot,1510112113,POAmount,yLeft
10/12/2015 14:15,66.0176,TX_KR22_Pres,1510112113,Pressure,yLeft
10/12/2015 14:16,66.0176,TX_KR22_Pres,1510112113,Pressure,yLeft
10/12/2015 14:17,64.1163,TX_KR22_Pres,1510112113,Pressure,yLeft
10/12/2015 14:18,118.147,TX_KR22_Tempout,1510112113,Temperature,yLeft
10/12/2015 14:22,64.1163,TX_KR22_Pres,1510112113,Pressure,yLeft
10/12/2015 14:22,117.048,TX_KR22_Tempout,1510112113,Temperature,yLeft
10/12/2015 14:23,62.566,TX_KR22_Pres,1510112113,Pressure,yLeft
10/12/2015 14:25,4240,TX_KR22_matid,1510112113,,
10/12/2015 14:25,33.2886,TX_KR22_Po_Tot,1510112113,POAmount,yLeft
10/12/2015 14:28,300,TX_KR22_PEvent,1510112113,,yRight
10/12/2015 14:30,118.031,TX_KR22_Tempout,1510112113,Temperature,yLeft
10/12/2015 14:33,62.3188,TX_KR22_Pres,1510112113,Pressure,yLeft
10/12/2015 14:34,57.8753,TX_KR22_Pres,1510112113,Pressure,yLeft
10/12/2015 14:35,4240,TX_KR22_matid,1510112113,,
10/12/2015 14:35,33.2886,TX_KR22_Po_Tot,1510112113,POAmount,yLeft
10/12/2015 14:35,44.5296,TX_KR22_Pres,1510112113,Pressure,yLeft
10/12/2015 14:36,32.9753,TX_KR22_Pres,1510112113,Pressure,yLeft
10/12/2015 14:39,15.6499,TX_KR22_Pres,1510112113,Pressure,yLeft
10/12/2015 14:39,117.286,TX_KR22_Tempout,1510112113,Temperature,yLeft
10/12/2015 14:40,15.6499,TX_KR22_Pres,1510112113,Pressure,yLeft
10/12/2015 14:41,10.9348,TX_KR22_Pres,1510112113,Pressure,yLeft
10/12/2015 14:43,115.735,TX_KR22_Tempout,1510112113,Temperature,yLeft
10/12/2015 14:44,4240,TX_KR22_matid,1510112113,,
10/12/2015 14:44,33.2886,TX_KR22_Po_Tot,1510112113,POAmount,yLeft
10/12/2015 14:44,10.9348,TX_KR22_Pres,1510112113,Pressure,yLeft
10/12/2015 14:45,4.52895,TX_KR22_Pres,1510112113,Pressure,yLeft
10/12/2015 14:53,113.366,TX_KR22_Tempout,1510112113,Temperature,yLeft
10/12/2015 14:54,4240,TX_KR22_matid,1510112113,,
10/12/2015 14:54,33.2886,TX_KR22_Po_Tot,1510112113,POAmount,yLeft
10/12/2015 14:55,4.26038,TX_KR22_Pres,1510112113,Pressure,yLeft
10/12/2015 14:57,112.163,TX_KR22_Tempout,1510112113,Temperature,yLeft
10/12/2015 14:58,316,TX_KR22_PEvent,1510112113,,yRight
10/12/2015 14:58,110.716,TX_KR22_Tempout,1510112113,Temperature,yLeft
10/12/2015 15:01,102.192,TX_KR22_Tempout,1510112113,Temperature,yLeft
10/12/2015 15:02,97.7041,TX_KR22_Tempout,1510112113,Temperature,yLeft
10/12/2015 15:04,4240,TX_KR22_matid,1510112113,,
10/12/2015 15:04,13,TX_KR22_PEvent,1510121505,,yRight
10/12/2015 15:04,33.2886,TX_KR22_Po_Tot,1510121505,POAmount,yLeft
10/12/2015 15:04,92.0193,TX_KR22_Tempout,1510121505,Temperature,yLeft
10/12/2015 15:05,13,TX_KR22_PEvent,1510121505,,yRight
10/12/2015 15:05,4.8677,TX_KR22_Pres,1510121505,Pressure,yLeft
10/12/2015 15:06,100,TX_KR22_PEvent,1510121505,,yRight
10/12/2015 15:06,86.9939,TX_KR22_Tempout,1510121505,Temperature,yLeft
10/12/2015 15:07,86.9939,TX_KR22_Tempout,1510121505,Temperature,yLeft
10/12/2015 15:08,6.66829,TX_KR22_Pres,1510121505,Pressure,yLeft
10/12/2015 15:08,83.1043,TX_KR22_Tempout,1510121505,Temperature,yLeft
10/12/2015 15:14,4240,TX_KR22_matid,1510121505,,
10/12/2015 15:14,33.2886,TX_KR22_Po_Tot,1510121505,POAmount,yLeft
10/12/2015 15:15,0,TX_KR22_Po_Tot,1510121505,POAmount,yLeft
10/12/2015 15:16,83.6844,TX_KR22_Tempout,1510121505,Temperature,yLeft
10/12/2015 15:17,6.66829,TX_KR22_Pres,1510121505,Pressure,yLeft
10/12/2015 15:18,9.16471,TX_KR22_Pres,1510121505,Pressure,yLeft
10/12/2015 15:22,96.6844,TX_KR22_Tempout,1510121505,Temperature,yLeft
10/12/2015 15:23,4240,TX_KR22_matid,1510121505,,
10/12/2015 15:23,147,TX_KR22_PEvent,1510121505,,yRight
10/12/2015 15:25,0,TX_KR22_Po_Tot,1510121505,POAmount,yLeft
10/12/2015 15:25,99.3039,TX_KR22_Tempout,1510121505,Temperature,yLeft
10/12/2015 15:26,9.16471,TX_KR22_Pres,1510121505,Pressure,yLeft
10/12/2015 15:27,10.5289,TX_KR22_Pres,1510121505,Pressure,yLeft
10/12/2015 15:33,4240,TX_KR22_matid,1510121505,,
10/12/2015 15:35,0.184598,TX_KR22_Po_Tot,1510121505,POAmount,yLeft
10/12/2015 15:35,100.183,TX_KR22_Tempout,1510121505,Temperature,yLeft
10/12/2015 15:36,10.5289,TX_KR22_Pres,1510121505,Pressure,yLeft
10/12/2015 15:37,21.54,TX_KR22_Pres,1510121505,Pressure,yLeft
10/12/2015 15:42,21.54,TX_KR22_Pres,1510121505,Pressure,yLeft
10/12/2015 15:43,4240,TX_KR22_matid,1510121505,,
10/12/2015 15:43,25.6935,TX_KR22_Pres,1510121505,Pressure,yLeft
10/12/2015 15:44,0.543113,TX_KR22_Po_Tot,1510121505,POAmount,yLeft
10/12/2015 15:44,101.093,TX_KR22_Tempout,1510121505,Temperature,yLeft
10/12/2015 15:49,25.6935,TX_KR22_Pres,1510121505,Pressure,yLeft
10/12/2015 15:50,27.546,TX_KR22_Pres,1510121505,Pressure,yLeft
10/12/2015 15:53,4240,TX_KR22_matid,1510121505,,
10/12/2015 15:54,0.96723,TX_KR22_Po_Tot,1510121505,POAmount,yLeft
10/12/2015 15:54,100.757,TX_KR22_Tempout,1510121505,Temperature,yLeft
10/12/2015 16:00,28.5379,TX_KR22_Pres,1510121505,Pressure,yLeft
10/12/2015 16:03,4240,TX_KR22_matid,1510121505,,
10/12/2015 16:03,1.34253,TX_KR22_Po_Tot,1510121505,POAmount,yLeft
10/12/2015 16:03,101.24,TX_KR22_Tempout,1510121505,Temperature,yLeft
10/12/2015 16:10,28.6996,TX_KR22_Pres,1510121505,Pressure,yLeft
10/12/2015 16:13,4240,TX_KR22_matid,1510121505,,
10/12/2015 16:13,1.72088,TX_KR22_Po_Tot,1510121505,POAmount,yLeft
10/12/2015 16:13,100.727,TX_KR22_Tempout,1510121505,Temperature,yLeft
10/12/2015 16:19,29.2032,TX_KR22_Pres,1510121505,Pressure,yLeft
10/12/2015 16:23,4240,TX_KR22_matid,1510121505,,
10/12/2015 16:23,2.14499,TX_KR22_Po_Tot,1510121505,POAmount,yLeft
10/12/2015 16:23,100.568,TX_KR22_Tempout,1510121505,Temperature,yLeft
10/12/2015 16:29,29.6365,TX_KR22_Pres,1510121505,Pressure,yLeft
10/12/2015 16:33,4240,TX_KR22_matid,1510121505,,
10/12/2015 16:33,2.52487,TX_KR22_Po_Tot,1510121505,POAmount,yLeft
10/12/2015 16:33,100.409,TX_KR22_Tempout,1510121505,Temperature,yLeft
10/12/2015 16:39,30.4086,TX_KR22_Pres,1510121505,Pressure,yLeft
10/12/2015 16:43,4240,TX_KR22_matid,1510121505,,
10/12/2015 16:43,2.97034,TX_KR22_Po_Tot,1510121505,POAmount,yLeft
10/12/2015 16:43,100.11,TX_KR22_Tempout,1510121505,Temperature,yLeft
10/12/2015 16:46,30.4086,TX_KR22_Pres,1510121505,Pressure,yLeft
10/12/2015 16:47,33.021,TX_KR22_Pres,1510121505,Pressure,yLeft
10/12/2015 16:52,4240,TX_KR22_matid,1510121505,,
10/12/2015 16:52,3.41887,TX_KR22_Po_Tot,1510121505,POAmount,yLeft
10/12/2015 16:52,100.391,TX_KR22_Tempout,1510121505,Temperature,yLeft
10/12/2015 16:56,33.021,TX_KR22_Pres,1510121505,Pressure,yLeft
10/12/2015 16:57,34.4432,TX_KR22_Pres,1510121505,Pressure,yLeft
10/12/2015 17:01,4240,TX_KR22_matid,1510121505,,
10/12/2015 17:01,3.91774,TX_KR22_Po_Tot,1510121505,POAmount,yLeft
10/12/2015 17:01,100.256,TX_KR22_Tempout,1510121505,Temperature,yLeft
10/12/2015 17:06,34.4432,TX_KR22_Pres,1510121505,Pressure,yLeft
10/12/2015 17:11,4240,TX_KR22_matid,1510121505,,
10/12/2015 17:11,4.36627,TX_KR22_Po_Tot,1510121505,POAmount,yLeft
10/12/2015 17:11,100.525,TX_KR22_Tempout,1510121505,Temperature,yLeft
10/12/2015 17:15,35.4228,TX_KR22_Pres,1510121505,Pressure,yLeft
10/12/2015 17:21,4240,TX_KR22_matid,1510121505,,
10/12/2015 17:21,4.81632,TX_KR22_Po_Tot,1510121505,POAmount,yLeft
10/12/2015 17:21,100.537,TX_KR22_Tempout,1510121505,Temperature,yLeft
10/12/2015 17:25,36.2255,TX_KR22_Pres,1510121505,Pressure,yLeft
10/12/2015 17:31,4240,TX_KR22_matid,1510121505,,
10/12/2015 17:31,5.31214,TX_KR22_Po_Tot,1510121505,POAmount,yLeft
10/12/2015 17:31,100.543,TX_KR22_Tempout,1510121505,Temperature,yLeft
10/12/2015 17:35,37.0373,TX_KR22_Pres,1510121505,Pressure,yLeft
10/12/2015 17:41,4240,TX_KR22_matid,1510121505,,
10/12/2015 17:41,5.77134,TX_KR22_Po_Tot,1510121505,POAmount,yLeft
10/12/2015 17:41,100.641,TX_KR22_Tempout,1510121505,Temperature,yLeft
10/12/2015 17:44,37.6965,TX_KR22_Pres,1510121505,Pressure,yLeft
10/12/2015 17:50,4240,TX_KR22_matid,1510121505,,
10/12/2015 17:50,6.26869,TX_KR22_Po_Tot,1510121505,POAmount,yLeft
10/12/2015 17:50,100.482,TX_KR22_Tempout,1510121505,Temperature,yLeft
10/12/2015 17:54,38.1664,TX_KR22_Pres,1510121505,Pressure,yLeft
10/12/2015 18:00,4240,TX_KR22_matid,1510121505,,
10/12/2015 18:00,6.71874,TX_KR22_Po_Tot,1510121505,POAmount,yLeft
10/12/2015 18:00,100.623,TX_KR22_Tempout,1510121505,Temperature,yLeft
10/12/2015 18:04,38.7188,TX_KR22_Pres,1510121505,Pressure,yLeft
10/12/2015 18:10,4240,TX_KR22_matid,1510121505,,
10/12/2015 18:10,7.21914,TX_KR22_Po_Tot,1510121505,POAmount,yLeft
10/12/2015 18:10,100.281,TX_KR22_Tempout,1510121505,Temperature,yLeft
10/12/2015 18:14,39.3658,TX_KR22_Pres,1510121505,Pressure,yLeft
10/12/2015 18:15,41.1267,TX_KR22_Pres,1510121505,Pressure,yLeft
10/12/2015 18:19,4240,TX_KR22_matid,1510121505,,
10/12/2015 18:19,7.73632,TX_KR22_Po_Tot,1510121505,POAmount,yLeft
10/12/2015 18:19,100.372,TX_KR22_Tempout,1510121505,Temperature,yLeft
10/12/2015 18:25,42.1094,TX_KR22_Pres,1510121505,Pressure,yLeft
10/12/2015 18:29,4240,TX_KR22_matid,1510121505,,
10/12/2015 18:29,8.29163,TX_KR22_Po_Tot,1510121505,POAmount,yLeft
10/12/2015 18:29,100.598,TX_KR22_Tempout,1510121505,Temperature,yLeft
10/12/2015 18:35,42.8968,TX_KR22_Pres,1510121505,Pressure,yLeft
10/12/2015 18:39,4240,TX_KR22_matid,1510121505,,
10/12/2015 18:39,8.79966,TX_KR22_Po_Tot,1510121505,POAmount,yLeft
10/12/2015 18:39,100.727,TX_KR22_Tempout,1510121505,Temperature,yLeft
10/12/2015 18:45,43.5102,TX_KR22_Pres,1510121505,Pressure,yLeft
10/12/2015 18:49,4240,TX_KR22_matid,1510121505,,
10/12/2015 18:49,9.30921,TX_KR22_Po_Tot,1510121505,POAmount,yLeft
10/12/2015 18:49,100.751,TX_KR22_Tempout,1510121505,Temperature,yLeft
10/12/2015 18:55,44.0352,TX_KR22_Pres,1510121505,Pressure,yLeft
10/12/2015 18:59,4240,TX_KR22_matid,1510121505,,
10/12/2015 18:59,9.88283,TX_KR22_Po_Tot,1510121505,POAmount,yLeft
10/12/2015 18:59,100.806,TX_KR22_Tempout,1510121505,Temperature,yLeft
10/12/2015 19:05,44.4777,TX_KR22_Pres,1510121505,Pressure,yLeft
10/12/2015 19:09,4240,TX_KR22_matid,1510121505,,
10/12/2015 19:09,10.3924,TX_KR22_Po_Tot,1510121505,POAmount,yLeft
10/12/2015 19:09,100.714,TX_KR22_Tempout,1510121505,Temperature,yLeft
10/12/2015 19:14,44.9873,TX_KR22_Pres,1510121505,Pressure,yLeft
10/12/2015 19:18,4240,TX_KR22_matid,1510121505,,
10/12/2015 19:18,10.9004,TX_KR22_Po_Tot,1510121505,POAmount,yLeft
10/12/2015 19:18,100.879,TX_KR22_Tempout,1510121505,Temperature,yLeft
10/12/2015 19:24,45.378,TX_KR22_Pres,1510121505,Pressure,yLeft
10/12/2015 19:27,4240,TX_KR22_matid,1510121505,,
10/12/2015 19:27,11.4664,TX_KR22_Po_Tot,1510121505,POAmount,yLeft
10/12/2015 19:27,100.666,TX_KR22_Tempout,1510121505,Temperature,yLeft
10/12/2015 19:29,45.378,TX_KR22_Pres,1510121505,Pressure,yLeft
10/12/2015 19:30,46.6628,TX_KR22_Pres,1510121505,Pressure,yLeft
10/12/2015 19:37,4240,TX_KR22_matid,1510121505,,
10/12/2015 19:37,12.0065,TX_KR22_Po_Tot,1510121505,POAmount,yLeft
10/12/2015 19:37,99.9145,TX_KR22_Tempout,1510121505,Temperature,yLeft
10/12/2015 19:39,46.6628,TX_KR22_Pres,1510121505,Pressure,yLeft
10/12/2015 19:40,49.5376,TX_KR22_Pres,1510121505,Pressure,yLeft
10/12/2015 19:44,49.5376,TX_KR22_Pres,1510121505,Pressure,yLeft
10/12/2015 19:45,51.0361,TX_KR22_Pres,1510121505,Pressure,yLeft
10/12/2015 19:47,4240,TX_KR22_matid,1510121505,,
10/12/2015 19:47,12.7555,TX_KR22_Po_Tot,1510121505,POAmount,yLeft
10/12/2015 19:47,99.8595,TX_KR22_Tempout,1510121505,Temperature,yLeft
10/12/2015 19:53,51.0361,TX_KR22_Pres,1510121505,Pressure,yLeft
10/12/2015 19:54,53.2182,TX_KR22_Pres,1510121505,Pressure,yLeft
10/12/2015 19:56,13.4436,TX_KR22_Po_Tot,1510121505,POAmount,yLeft
10/12/2015 19:57,4240,TX_KR22_matid,1510121505,,
10/12/2015 19:57,100.33,TX_KR22_Tempout,1510121505,Temperature,yLeft
10/12/2015 20:02,53.2182,TX_KR22_Pres,1510121505,Pressure,yLeft
10/12/2015 20:03,54.854,TX_KR22_Pres,1510121505,Pressure,yLeft
10/12/2015 20:06,14.1332,TX_KR22_Po_Tot,1510121505,POAmount,yLeft
10/12/2015 20:07,4240,TX_KR22_matid,1510121505,,
10/12/2015 20:07,100.641,TX_KR22_Tempout,1510121505,Temperature,yLeft
10/12/2015 20:12,54.854,TX_KR22_Pres,1510121505,Pressure,yLeft
10/12/2015 20:13,55.9893,TX_KR22_Pres,1510121505,Pressure,yLeft
10/12/2015 20:15,14.8975,TX_KR22_Po_Tot,1510121505,POAmount,yLeft
10/12/2015 20:17,4240,TX_KR22_matid,1510121505,,
10/12/2015 20:17,100.739,TX_KR22_Tempout,1510121505,Temperature,yLeft
10/12/2015 20:22,55.9893,TX_KR22_Pres,1510121505,Pressure,yLeft
10/12/2015 20:24,15.587,TX_KR22_Po_Tot,1510121505,POAmount,yLeft
10/12/2015 20:27,4240,TX_KR22_matid,1510121505,,
10/12/2015 20:27,100.977,TX_KR22_Tempout,1510121505,Temperature,yLeft
10/12/2015 20:32,56.7736,TX_KR22_Pres,1510121505,Pressure,yLeft
10/12/2015 20:34,16.3392,TX_KR22_Po_Tot,1510121505,POAmount,yLeft
10/12/2015 20:37,4240,TX_KR22_matid,1510121505,,
10/12/2015 20:37,101.093,TX_KR22_Tempout,1510121505,Temperature,yLeft
10/12/2015 20:42,57.6434,TX_KR22_Pres,1510121505,Pressure,yLeft
10/12/2015 20:43,17.0409,TX_KR22_Po_Tot,1510121505,POAmount,yLeft
10/12/2015 20:47,4240,TX_KR22_matid,1510121505,,
10/12/2015 20:47,101.087,TX_KR22_Tempout,1510121505,Temperature,yLeft
10/12/2015 20:51,58.5009,TX_KR22_Pres,1510121505,Pressure,yLeft
10/12/2015 20:53,17.729,TX_KR22_Po_Tot,1510121505,POAmount,yLeft
10/12/2015 20:57,4240,TX_KR22_matid,1510121505,,
10/12/2015 20:57,101.075,TX_KR22_Tempout,1510121505,Temperature,yLeft
10/12/2015 21:01,59.2303,TX_KR22_Pres,1510121505,Pressure,yLeft
10/12/2015 21:02,18.4948,TX_KR22_Po_Tot,1510121505,POAmount,yLeft
10/12/2015 21:07,4240,TX_KR22_matid,1510121505,,
10/12/2015 21:07,101.124,TX_KR22_Tempout,1510121505,Temperature,yLeft
10/12/2015 21:11,60.0452,TX_KR22_Pres,1510121505,Pressure,yLeft
10/12/2015 21:12,19.1707,TX_KR22_Po_Tot,1510121505,POAmount,yLeft
10/12/2015 21:16,4240,TX_KR22_matid,1510121505,,
10/12/2015 21:16,101.026,TX_KR22_Tempout,1510121505,Temperature,yLeft
10/12/2015 21:20,60.7654,TX_KR22_Pres,1510121505,Pressure,yLeft
10/12/2015 21:21,19.9487,TX_KR22_Po_Tot,1510121505,POAmount,yLeft
10/12/2015 21:26,4240,TX_KR22_matid,1510121505,,
10/12/2015 21:26,100.989,TX_KR22_Tempout,1510121505,Temperature,yLeft
10/12/2015 21:30,61.7634,TX_KR22_Pres,1510121505,Pressure,yLeft
10/12/2015 21:31,20.7131,TX_KR22_Po_Tot,1510121505,POAmount,yLeft
10/12/2015 21:35,4240,TX_KR22_matid,1510121505,,
10/12/2015 21:35,101.056,TX_KR22_Tempout,1510121505,Temperature,yLeft
10/12/2015 21:40,21.3904,TX_KR22_Po_Tot,1510121505,POAmount,yLeft
10/12/2015 21:40,62.74,TX_KR22_Pres,1510121505,Pressure,yLeft
10/12/2015 21:45,4240,TX_KR22_matid,1510121505,,
10/12/2015 21:45,101.001,TX_KR22_Tempout,1510121505,Temperature,yLeft
10/12/2015 21:50,22.1563,TX_KR22_Po_Tot,1510121505,POAmount,yLeft
10/12/2015 21:50,63.7013,TX_KR22_Pres,1510121505,Pressure,yLeft
10/12/2015 21:51,63.7013,TX_KR22_Pres,1510121505,Pressure,yLeft
10/12/2015 21:52,64.8244,TX_KR22_Pres,1510121505,Pressure,yLeft
10/12/2015 21:55,4240,TX_KR22_matid,1510121505,,
10/12/2015 21:55,101.044,TX_KR22_Tempout,1510121505,Temperature,yLeft
10/12/2015 21:59,22.8443,TX_KR22_Po_Tot,1510121505,POAmount,yLeft
10/12/2015 22:01,64.8244,TX_KR22_Pres,1510121505,Pressure,yLeft
10/12/2015 22:02,66.0634,TX_KR22_Pres,1510121505,Pressure,yLeft
10/12/2015 22:05,4240,TX_KR22_matid,1510121505,,
10/12/2015 22:05,101.05,TX_KR22_Tempout,1510121505,Temperature,yLeft
10/12/2015 22:09,23.5324,TX_KR22_Po_Tot,1510121505,POAmount,yLeft
10/12/2015 22:11,66.0634,TX_KR22_Pres,1510121505,Pressure,yLeft
10/12/2015 22:12,67.1896,TX_KR22_Pres,1510121505,Pressure,yLeft
10/12/2015 22:15,4240,TX_KR22_matid,1510121505,,
10/12/2015 22:15,100.995,TX_KR22_Tempout,1510121505,Temperature,yLeft
10/12/2015 22:18,24.2982,TX_KR22_Po_Tot,1510121505,POAmount,yLeft
10/12/2015 22:20,67.1896,TX_KR22_Pres,1510121505,Pressure,yLeft
10/12/2015 22:21,68.3554,TX_KR22_Pres,1510121505,Pressure,yLeft
10/12/2015 22:24,4240,TX_KR22_matid,1510121505,,
10/12/2015 22:24,100.983,TX_KR22_Tempout,1510121505,Temperature,yLeft
10/12/2015 22:27,24.9985,TX_KR22_Po_Tot,1510121505,POAmount,yLeft
10/12/2015 22:30,68.3554,TX_KR22_Pres,1510121505,Pressure,yLeft
10/12/2015 22:31,69.7317,TX_KR22_Pres,1510121505,Pressure,yLeft
10/12/2015 22:34,4240,TX_KR22_matid,1510121505,,
10/12/2015 22:34,100.946,TX_KR22_Tempout,1510121505,Temperature,yLeft
10/12/2015 22:37,25.6743,TX_KR22_Po_Tot,1510121505,POAmount,yLeft
10/12/2015 22:41,69.9362,TX_KR22_Pres,1510121505,Pressure,yLeft
10/12/2015 22:43,4240,TX_KR22_matid,1510121505,,
10/12/2015 22:43,101.02,TX_KR22_Tempout,1510121505,Temperature,yLeft
10/12/2015 22:46,26.4402,TX_KR22_Po_Tot,1510121505,POAmount,yLeft
10/12/2015 22:51,69.8172,TX_KR22_Pres,1510121505,Pressure,yLeft
10/12/2015 22:53,4240,TX_KR22_matid,1510121505,,
10/12/2015 22:53,100.946,TX_KR22_Tempout,1510121505,Temperature,yLeft
10/12/2015 22:56,27.1419,TX_KR22_Po_Tot,1510121505,POAmount,yLeft
10/12/2015 23:01,70.0003,TX_KR22_Pres,1510121505,Pressure,yLeft
10/12/2015 23:03,4240,TX_KR22_matid,1510121505,,
10/12/2015 23:03,100.995,TX_KR22_Tempout,1510121505,Temperature,yLeft
10/12/2015 23:05,27.9063,TX_KR22_Po_Tot,1510121505,POAmount,yLeft
10/12/2015 23:11,69.9637,TX_KR22_Pres,1510121505,Pressure,yLeft
10/12/2015 23:13,4240,TX_KR22_matid,1510121505,,
10/12/2015 23:13,100.885,TX_KR22_Tempout,1510121505,Temperature,yLeft
10/12/2015 23:14,28.5958,TX_KR22_Po_Tot,1510121505,POAmount,yLeft
10/12/2015 23:20,69.9057,TX_KR22_Pres,1510121505,Pressure,yLeft
10/12/2015 23:22,4240,TX_KR22_matid,1510121505,,
10/12/2015 23:22,100.867,TX_KR22_Tempout,1510121505,Temperature,yLeft
10/12/2015 23:23,29.2854,TX_KR22_Po_Tot,1510121505,POAmount,yLeft
10/12/2015 23:30,69.8904,TX_KR22_Pres,1510121505,Pressure,yLeft
10/12/2015 23:32,4240,TX_KR22_matid,1510121505,,
10/12/2015 23:32,100.891,TX_KR22_Tempout,1510121505,Temperature,yLeft
10/12/2015 23:33,30.0497,TX_KR22_Po_Tot,1510121505,POAmount,yLeft
10/12/2015 23:40,70.0247,TX_KR22_Pres,1510121505,Pressure,yLeft
10/12/2015 23:42,4240,TX_KR22_matid,1510121505,,
10/12/2015 23:42,30.7393,TX_KR22_Po_Tot,1510121505,POAmount,yLeft
10/12/2015 23:42,100.843,TX_KR22_Tempout,1510121505,Temperature,yLeft
10/12/2015 23:49,70.0247,TX_KR22_Pres,1510121505,Pressure,yLeft
10/12/2015 23:52,4240,TX_KR22_matid,1510121505,,
10/12/2015 23:52,31.4274,TX_KR22_Po_Tot,1510121505,POAmount,yLeft
10/12/2015 23:52,100.769,TX_KR22_Tempout,1510121505,Temperature,yLeft
10/12/2015 23:59,69.8416,TX_KR22_Pres,1510121505,Pressure,yLeft
10/13/2015 0:01,32.1932,TX_KR22_Po_Tot,1510121505,POAmount,yLeft
10/13/2015 0:02,4240,TX_KR22_matid,1510121505,,
10/13/2015 0:02,100.794,TX_KR22_Tempout,1510121505,Temperature,yLeft
10/13/2015 0:06,150,TX_KR22_PEvent,1510121505,,yRight
10/13/2015 0:07,69.6738,TX_KR22_Pres,1510121505,Pressure,yLeft
10/13/2015 0:11,32.8828,TX_KR22_Po_Tot,1510121505,POAmount,yLeft
10/13/2015 0:12,4240,TX_KR22_matid,1510121505,,
10/13/2015 0:12,100.849,TX_KR22_Tempout,1510121505,Temperature,yLeft
10/13/2015 0:14,68.7246,TX_KR22_Pres,1510121505,Pressure,yLeft
10/13/2015 0:15,65.9597,TX_KR22_Pres,1510121505,Pressure,yLeft
10/13/2015 0:18,101.624,TX_KR22_Tempout,1510121505,Temperature,yLeft
10/13/2015 0:20,33.2886,TX_KR22_Po_Tot,1510121505,POAmount,yLeft
10/13/2015 0:22,4240,TX_KR22_matid,1510121505,,
10/13/2015 0:24,65.9597,TX_KR22_Pres,1510121505,Pressure,yLeft
10/13/2015 0:24,102.485,TX_KR22_Tempout,1510121505,Temperature,yLeft
10/13/2015 0:25,62.0106,TX_KR22_Pres,1510121505,Pressure,yLeft
10/13/2015 0:29,33.2886,TX_KR22_Po_Tot,1510121505,POAmount,yLeft
10/13/2015 0:32,4240,TX_KR22_matid,1510121505,,
10/13/2015 0:33,104.262,TX_KR22_Tempout,1510121505,Temperature,yLeft
10/13/2015 0:34,62.0106,TX_KR22_Pres,1510121505,Pressure,yLeft
10/13/2015 0:35,58.5681,TX_KR22_Pres,1510121505,Pressure,yLeft
10/13/2015 0:36,105.129,TX_KR22_Tempout,1510121505,Temperature,yLeft
10/13/2015 0:39,33.2886,TX_KR22_Po_Tot,1510121505,POAmount,yLeft
10/13/2015 0:39,106.43,TX_KR22_Tempout,1510121505,Temperature,yLeft
10/13/2015 0:42,4240,TX_KR22_matid,1510121505,,
10/13/2015 0:43,107.303,TX_KR22_Tempout,1510121505,Temperature,yLeft
10/13/2015 0:44,58.5681,TX_KR22_Pres,1510121505,Pressure,yLeft
10/13/2015 0:45,54.4816,TX_KR22_Pres,1510121505,Pressure,yLeft
10/13/2015 0:49,33.2886,TX_KR22_Po_Tot,1510121505,POAmount,yLeft
10/13/2015 0:49,108.768,TX_KR22_Tempout,1510121505,Temperature,yLeft
10/13/2015 0:52,4240,TX_KR22_matid,1510121505,,
10/13/2015 0:53,54.4816,TX_KR22_Pres,1510121505,Pressure,yLeft
10/13/2015 0:54,50.0626,TX_KR22_Pres,1510121505,Pressure,yLeft
10/13/2015 0:57,50.0626,TX_KR22_Pres,1510121505,Pressure,yLeft
10/13/2015 0:58,33.2886,TX_KR22_Po_Tot,1510121505,POAmount,yLeft
10/13/2015 0:58,48.6007,TX_KR22_Pres,1510121505,Pressure,yLeft
10/13/2015 0:58,110.216,TX_KR22_Tempout,1510121505,Temperature,yLeft
10/13/2015 1:00,48.6007,TX_KR22_Pres,1510121505,Pressure,yLeft
10/13/2015 1:01,47.0321,TX_KR22_Pres,1510121505,Pressure,yLeft
10/13/2015 1:02,4240,TX_KR22_matid,1510121505,,
10/13/2015 1:07,47.0321,TX_KR22_Pres,1510121505,Pressure,yLeft
10/13/2015 1:08,33.2886,TX_KR22_Po_Tot,1510121505,POAmount,yLeft
10/13/2015 1:08,44.2061,TX_KR22_Pres,1510121505,Pressure,yLeft
10/13/2015 1:08,109.727,TX_KR22_Tempout,1510121505,Temperature,yLeft
10/13/2015 1:12,4240,TX_KR22_matid,1510121505,,
10/13/2015 1:16,108.817,TX_KR22_Tempout,1510121505,Temperature,yLeft
10/13/2015 1:17,44.2061,TX_KR22_Pres,1510121505,Pressure,yLeft
10/13/2015 1:18,33.2886,TX_KR22_Po_Tot,1510121505,POAmount,yLeft
10/13/2015 1:18,41.3434,TX_KR22_Pres,1510121505,Pressure,yLeft
10/13/2015 1:22,4240,TX_KR22_matid,1510121505,,
10/13/2015 1:24,107.981,TX_KR22_Tempout,1510121505,Temperature,yLeft
10/13/2015 1:27,41.3434,TX_KR22_Pres,1510121505,Pressure,yLeft
10/13/2015 1:28,33.2886,TX_KR22_Po_Tot,1510121505,POAmount,yLeft
10/13/2015 1:28,39.4787,TX_KR22_Pres,1510121505,Pressure,yLeft
10/13/2015 1:32,4240,TX_KR22_matid,1510121505,,
10/13/2015 1:34,107.388,TX_KR22_Tempout,1510121505,Temperature,yLeft
10/13/2015 1:37,39.4787,TX_KR22_Pres,1510121505,Pressure,yLeft
10/13/2015 1:38,33.2886,TX_KR22_Po_Tot,1510121505,POAmount,yLeft
10/13/2015 1:38,38.1634,TX_KR22_Pres,1510121505,Pressure,yLeft
10/13/2015 1:42,4240,TX_KR22_matid,1510121505,,
10/13/2015 1:44,107.388,TX_KR22_Tempout,1510121505,Temperature,yLeft
10/13/2015 1:48,33.2886,TX_KR22_Po_Tot,1510121505,POAmount,yLeft
10/13/2015 1:48,37.3089,TX_KR22_Pres,1510121505,Pressure,yLeft
10/13/2015 1:52,4240,TX_KR22_matid,1510121505,,
10/13/2015 1:54,107.401,TX_KR22_Tempout,1510121505,Temperature,yLeft
10/13/2015 1:58,33.2886,TX_KR22_Po_Tot,1510121505,POAmount,yLeft
10/13/2015 1:58,36.5276,TX_KR22_Pres,1510121505,Pressure,yLeft
10/13/2015 2:02,4240,TX_KR22_matid,1510121505,,
10/13/2015 2:04,107.456,TX_KR22_Tempout,1510121505,Temperature,yLeft
10/13/2015 2:08,33.2886,TX_KR22_Po_Tot,1510121505,POAmount,yLeft
10/13/2015 2:08,36.0393,TX_KR22_Pres,1510121505,Pressure,yLeft
10/13/2015 2:12,4240,TX_KR22_matid,1510121505,,
10/13/2015 2:13,107.584,TX_KR22_Tempout,1510121505,Temperature,yLeft
10/13/2015 2:18,33.2886,TX_KR22_Po_Tot,1510121505,POAmount,yLeft
10/13/2015 2:18,35.6853,TX_KR22_Pres,1510121505,Pressure,yLeft
10/13/2015 2:22,4240,TX_KR22_matid,1510121505,,
10/13/2015 2:23,107.669,TX_KR22_Tempout,1510121505,Temperature,yLeft
10/13/2015 2:28,33.2886,TX_KR22_Po_Tot,1510121505,POAmount,yLeft
10/13/2015 2:28,35.4167,TX_KR22_Pres,1510121505,Pressure,yLeft
10/13/2015 2:32,4240,TX_KR22_matid,1510121505,,
10/13/2015 2:33,107.779,TX_KR22_Tempout,1510121505,Temperature,yLeft
10/13/2015 2:37,33.2886,TX_KR22_Po_Tot,1510121505,POAmount,yLeft
10/13/2015 2:37,35.255,TX_KR22_Pres,1510121505,Pressure,yLeft
10/13/2015 2:42,4240,TX_KR22_matid,1510121505,,
10/13/2015 2:43,107.993,TX_KR22_Tempout,1510121505,Temperature,yLeft
10/13/2015 2:46,33.2886,TX_KR22_Po_Tot,1510121505,POAmount,yLeft
10/13/2015 2:46,35.0749,TX_KR22_Pres,1510121505,Pressure,yLeft
10/13/2015 2:52,4240,TX_KR22_matid,1510121505,,
10/13/2015 2:52,108.036,TX_KR22_Tempout,1510121505,Temperature,yLeft
10/13/2015 2:56,33.2886,TX_KR22_Po_Tot,1510121505,POAmount,yLeft
10/13/2015 2:56,34.9895,TX_KR22_Pres,1510121505,Pressure,yLeft
10/13/2015 3:01,4240,TX_KR22_matid,1510121505,,
10/13/2015 3:01,108.115,TX_KR22_Tempout,1510121505,Temperature,yLeft
10/13/2015 3:05,33.2886,TX_KR22_Po_Tot,1510121505,POAmount,yLeft
10/13/2015 3:05,34.901,TX_KR22_Pres,1510121505,Pressure,yLeft
10/13/2015 3:11,4240,TX_KR22_matid,1510121505,,
10/13/2015 3:11,108.213,TX_KR22_Tempout,1510121505,Temperature,yLeft
10/13/2015 3:14,33.2886,TX_KR22_Po_Tot,1510121505,POAmount,yLeft
10/13/2015 3:14,34.901,TX_KR22_Pres,1510121505,Pressure,yLeft
10/13/2015 3:20,4240,TX_KR22_matid,1510121505,,
10/13/2015 3:20,108.243,TX_KR22_Tempout,1510121505,Temperature,yLeft
10/13/2015 3:23,33.2886,TX_KR22_Po_Tot,1510121505,POAmount,yLeft
10/13/2015 3:23,34.8918,TX_KR22_Pres,1510121505,Pressure,yLeft
10/13/2015 3:30,4240,TX_KR22_matid,1510121505,,
10/13/2015 3:30,108.292,TX_KR22_Tempout,1510121505,Temperature,yLeft
10/13/2015 3:33,33.2886,TX_KR22_Po_Tot,1510121505,POAmount,yLeft
10/13/2015 3:33,34.8582,TX_KR22_Pres,1510121505,Pressure,yLeft
10/13/2015 3:39,4240,TX_KR22_matid,1510121505,,
10/13/2015 3:39,108.42,TX_KR22_Tempout,1510121505,Temperature,yLeft
10/13/2015 3:42,171,TX_KR22_PEvent,1510121505,,yRight
10/13/2015 3:43,33.2886,TX_KR22_Po_Tot,1510121505,POAmount,yLeft
10/13/2015 3:43,34.8064,TX_KR22_Pres,1510121505,Pressure,yLeft
10/13/2015 3:44,34.8064,TX_KR22_Pres,1510121505,Pressure,yLeft
10/13/2015 3:45,36.4666,TX_KR22_Pres,1510121505,Pressure,yLeft
10/13/2015 3:49,4240,TX_KR22_matid,1510121505,,
10/13/2015 3:49,108.652,TX_KR22_Tempout,1510121505,Temperature,yLeft
10/13/2015 3:53,33.2886,TX_KR22_Po_Tot,1510121505,POAmount,yLeft
10/13/2015 3:55,36.6985,TX_KR22_Pres,1510121505,Pressure,yLeft
10/13/2015 3:59,4240,TX_KR22_matid,1510121505,,
10/13/2015 3:59,110.362,TX_KR22_Tempout,1510121505,Temperature,yLeft
10/13/2015 4:02,33.2886,TX_KR22_Po_Tot,1510121505,POAmount,yLeft
10/13/2015 4:05,37.1166,TX_KR22_Pres,1510121505,Pressure,yLeft
10/13/2015 4:08,4240,TX_KR22_matid,1510121505,,
10/13/2015 4:08,112.957,TX_KR22_Tempout,1510121505,Temperature,yLeft
10/13/2015 4:12,33.2886,TX_KR22_Po_Tot,1510121505,POAmount,yLeft
10/13/2015 4:12,114.123,TX_KR22_Tempout,1510121505,Temperature,yLeft
10/13/2015 4:15,37.5195,TX_KR22_Pres,1510121505,Pressure,yLeft
10/13/2015 4:17,4240,TX_KR22_matid,1510121505,,
10/13/2015 4:20,116.224,TX_KR22_Tempout,1510121505,Temperature,yLeft
10/13/2015 4:22,33.2886,TX_KR22_Po_Tot,1510121505,POAmount,yLeft
10/13/2015 4:25,183,TX_KR22_PEvent,1510121505,,yRight
10/13/2015 4:25,37.9162,TX_KR22_Pres,1510121505,Pressure,yLeft
10/13/2015 4:25,117.14,TX_KR22_Tempout,1510121505,Temperature,yLeft
10/13/2015 4:27,4240,TX_KR22_matid,1510121505,,
10/13/2015 4:27,118.013,TX_KR22_Tempout,1510121505,Temperature,yLeft
10/13/2015 4:28,38.7402,TX_KR22_Pres,1510121505,Pressure,yLeft
10/13/2015 4:29,40.904,TX_KR22_Pres,1510121505,Pressure,yLeft
10/13/2015 4:32,33.2886,TX_KR22_Po_Tot,1510121505,POAmount,yLeft
10/13/2015 4:32,40.904,TX_KR22_Pres,1510121505,Pressure,yLeft
10/13/2015 4:33,44.0443,TX_KR22_Pres,1510121505,Pressure,yLeft
10/13/2015 4:37,4240,TX_KR22_matid,1510121505,,
10/13/2015 4:37,118.52,TX_KR22_Tempout,1510121505,Temperature,yLeft
10/13/2015 4:41,44.0443,TX_KR22_Pres,1510121505,Pressure,yLeft
10/13/2015 4:42,33.2886,TX_KR22_Po_Tot,1510121505,POAmount,yLeft
10/13/2015 4:42,48.6129,TX_KR22_Pres,1510121505,Pressure,yLeft
10/13/2015 4:45,48.6129,TX_KR22_Pres,1510121505,Pressure,yLeft
10/13/2015 4:46,4240,TX_KR22_matid,1510121505,,
10/13/2015 4:46,50.2213,TX_KR22_Pres,1510121505,Pressure,yLeft
10/13/2015 4:46,118.813,TX_KR22_Tempout,1510121505,Temperature,yLeft
10/13/2015 4:50,50.2213,TX_KR22_Pres,1510121505,Pressure,yLeft
10/13/2015 4:51,52.2538,TX_KR22_Pres,1510121505,Pressure,yLeft
10/13/2015 4:52,33.2886,TX_KR22_Po_Tot,1510121505,POAmount,yLeft
10/13/2015 4:56,4240,TX_KR22_matid,1510121505,,
10/13/2015 4:56,119.124,TX_KR22_Tempout,1510121505,Temperature,yLeft
10/13/2015 5:00,52.2538,TX_KR22_Pres,1510121505,Pressure,yLeft
10/13/2015 5:01,33.2886,TX_KR22_Po_Tot,1510121505,POAmount,yLeft
10/13/2015 5:01,54.2924,TX_KR22_Pres,1510121505,Pressure,yLeft
10/13/2015 5:06,4240,TX_KR22_matid,1510121505,,
10/13/2015 5:06,119.393,TX_KR22_Tempout,1510121505,Temperature,yLeft
10/13/2015 5:10,54.2924,TX_KR22_Pres,1510121505,Pressure,yLeft
10/13/2015 5:11,33.2886,TX_KR22_Po_Tot,1510121505,POAmount,yLeft
10/13/2015 5:11,56.1388,TX_KR22_Pres,1510121505,Pressure,yLeft
10/13/2015 5:15,4240,TX_KR22_matid,1510121505,,
10/13/2015 5:15,119.411,TX_KR22_Tempout,1510121505,Temperature,yLeft
10/13/2015 5:20,56.1388,TX_KR22_Pres,1510121505,Pressure,yLeft
10/13/2015 5:21,33.2886,TX_KR22_Po_Tot,1510121505,POAmount,yLeft
10/13/2015 5:21,58.208,TX_KR22_Pres,1510121505,Pressure,yLeft
10/13/2015 5:24,4240,TX_KR22_matid,1510121505,,
10/13/2015 5:24,119.308,TX_KR22_Tempout,1510121505,Temperature,yLeft
10/13/2015 5:30,33.2886,TX_KR22_Po_Tot,1510121505,POAmount,yLeft
10/13/2015 5:30,58.208,TX_KR22_Pres,1510121505,Pressure,yLeft
10/13/2015 5:31,60.3809,TX_KR22_Pres,1510121505,Pressure,yLeft
10/13/2015 5:34,4240,TX_KR22_matid,1510121505,,
10/13/2015 5:34,119.21,TX_KR22_Tempout,1510121505,Temperature,yLeft
10/13/2015 5:40,33.2886,TX_KR22_Po_Tot,1510121505,POAmount,yLeft
10/13/2015 5:40,60.3809,TX_KR22_Pres,1510121505,Pressure,yLeft
10/13/2015 5:41,62.8254,TX_KR22_Pres,1510121505,Pressure,yLeft
10/13/2015 5:44,4240,TX_KR22_matid,1510121505,,
10/13/2015 5:44,119.161,TX_KR22_Tempout,1510121505,Temperature,yLeft
10/13/2015 5:50,33.2886,TX_KR22_Po_Tot,1510121505,POAmount,yLeft
10/13/2015 5:51,63.805,TX_KR22_Pres,1510121505,Pressure,yLeft
10/13/2015 5:53,63.805,TX_KR22_Pres,1510121505,Pressure,yLeft
10/13/2015 5:54,4240,TX_KR22_matid,1510121505,,
10/13/2015 5:54,66.4968,TX_KR22_Pres,1510121505,Pressure,yLeft
10/13/2015 5:54,119.051,TX_KR22_Tempout,1510121505,Temperature,yLeft
10/13/2015 6:00,33.2886,TX_KR22_Po_Tot,1510121505,POAmount,yLeft
10/13/2015 6:03,66.4968,TX_KR22_Pres,1510121505,Pressure,yLeft
10/13/2015 6:04,4240,TX_KR22_matid,1510121505,,
10/13/2015 6:04,69.509,TX_KR22_Pres,1510121505,Pressure,yLeft
10/13/2015 6:04,119.045,TX_KR22_Tempout,1510121505,Temperature,yLeft
10/13/2015 6:09,33.2886,TX_KR22_Po_Tot,1510121505,POAmount,yLeft
10/13/2015 6:14,4240,TX_KR22_matid,1510121505,,
10/13/2015 6:14,70.0827,TX_KR22_Pres,1510121505,Pressure,yLeft
10/13/2015 6:14,119.033,TX_KR22_Tempout,1510121505,Temperature,yLeft
10/13/2015 6:19,33.2886,TX_KR22_Po_Tot,1510121505,POAmount,yLeft
10/13/2015 6:23,4240,TX_KR22_matid,1510121505,,
10/13/2015 6:23,70.0827,TX_KR22_Pres,1510121505,Pressure,yLeft
10/13/2015 6:23,118.984,TX_KR22_Tempout,1510121505,Temperature,yLeft
10/13/2015 6:29,33.2886,TX_KR22_Po_Tot,1510121505,POAmount,yLeft
10/13/2015 6:32,4240,TX_KR22_matid,1510121505,,
10/13/2015 6:32,70.0217,TX_KR22_Pres,1510121505,Pressure,yLeft
10/13/2015 6:32,119.088,TX_KR22_Tempout,1510121505,Temperature,yLeft
10/13/2015 6:38,33.2886,TX_KR22_Po_Tot,1510121505,POAmount,yLeft
10/13/2015 6:42,4240,TX_KR22_matid,1510121505,,
10/13/2015 6:42,69.8019,TX_KR22_Pres,1510121505,Pressure,yLeft
10/13/2015 6:42,118.959,TX_KR22_Tempout,1510121505,Temperature,yLeft
10/13/2015 6:47,33.2886,TX_KR22_Po_Tot,1510121505,POAmount,yLeft
10/13/2015 6:47,69.982,TX_KR22_Pres,1510121505,Pressure,yLeft
10/13/2015 6:48,186,TX_KR22_PEvent,1510121505,,yRight
10/13/2015 6:48,67.8579,TX_KR22_Pres,1510121505,Pressure,yLeft
10/13/2015 6:49,67.8579,TX_KR22_Pres,1510121505,Pressure,yLeft
10/13/2015 6:50,64.9617,TX_KR22_Pres,1510121505,Pressure,yLeft
10/13/2015 6:52,4240,TX_KR22_matid,1510121505,,
10/13/2015 6:52,64.9617,TX_KR22_Pres,1510121505,Pressure,yLeft
10/13/2015 6:52,118.392,TX_KR22_Tempout,1510121505,Temperature,yLeft
10/13/2015 6:53,63.036,TX_KR22_Pres,1510121505,Pressure,yLeft
10/13/2015 6:57,33.2886,TX_KR22_Po_Tot,1510121505,POAmount,yLeft
10/13/2015 7:02,4240,TX_KR22_matid,1510121505,,
10/13/2015 7:02,117.86,TX_KR22_Tempout,1510121505,Temperature,yLeft
10/13/2015 7:03,300,TX_KR22_PEvent,1510121505,,yRight
10/13/2015 7:03,62.212,TX_KR22_Pres,1510121505,Pressure,yLeft
10/13/2015 7:07,33.2886,TX_KR22_Po_Tot,1510121505,POAmount,yLeft
10/13/2015 7:08,62.212,TX_KR22_Pres,1510121505,Pressure,yLeft
10/13/2015 7:09,57.5671,TX_KR22_Pres,1510121505,Pressure,yLeft
10/13/2015 7:10,42.3292,TX_KR22_Pres,1510121505,Pressure,yLeft
10/13/2015 7:11,4240,TX_KR22_matid,1510121505,,
10/13/2015 7:11,32.902,TX_KR22_Pres,1510121505,Pressure,yLeft
10/13/2015 7:11,118.105,TX_KR22_Tempout,1510121505,Temperature,yLeft
10/13/2015 7:13,22.3579,TX_KR22_Pres,1510121505,Pressure,yLeft
10/13/2015 7:15,12.5004,TX_KR22_Pres,1510121505,Pressure,yLeft
10/13/2015 7:17,33.2886,TX_KR22_Po_Tot,1510121505,POAmount,yLeft
10/13/2015 7:17,12.5004,TX_KR22_Pres,1510121505,Pressure,yLeft
10/13/2015 7:18,7.61437,TX_KR22_Pres,1510121505,Pressure,yLeft
10/13/2015 7:19,116.468,TX_KR22_Tempout,1510121505,Temperature,yLeft
10/13/2015 7:20,7.61437,TX_KR22_Pres,1510121505,Pressure,yLeft
10/13/2015 7:21,4240,TX_KR22_matid,1510121505,,
10/13/2015 7:21,4.31227,TX_KR22_Pres,1510121505,Pressure,yLeft
10/13/2015 7:26,114.404,TX_KR22_Tempout,1510121505,Temperature,yLeft
10/13/2015 7:27,33.2886,TX_KR22_Po_Tot,1510121505,POAmount,yLeft
10/13/2015 7:31,4240,TX_KR22_matid,1510121505,,
10/13/2015 7:31,4.92874,TX_KR22_Pres,1510121505,Pressure,yLeft
10/13/2015 7:31,113.476,TX_KR22_Tempout,1510121505,Temperature,yLeft
10/13/2015 7:33,316,TX_KR22_PEvent,1510121505,,yRight
10/13/2015 7:33,112.06,TX_KR22_Tempout,1510121505,Temperature,yLeft
10/13/2015 7:34,110.79,TX_KR22_Tempout,1510121505,Temperature,yLeft
10/13/2015 7:35,106.851,TX_KR22_Tempout,1510121505,Temperature,yLeft
10/13/2015 7:36,105.16,TX_KR22_Tempout,1510121505,Temperature,yLeft
10/13/2015 7:37,33.2886,TX_KR22_Po_Tot,1510121505,POAmount,yLeft
10/13/2015 7:39,94.0465,TX_KR22_Tempout,1510121505,Temperature,yLeft
10/13/2015 7:40,100,TX_KR22_PEvent,1510130741,,yRight
10/13/2015 7:41,4240,TX_KR22_matid,1510130741,,
10/13/2015 7:41,100,TX_KR22_PEvent,1510130741,,yRight
10/13/2015 7:41,5.90533,TX_KR22_Pres,1510130741,Pressure,yLeft
10/13/2015 7:42,33.2886,TX_KR22_Po_Tot,1510130741,POAmount,yLeft
10/13/2015 7:42,86.7497,TX_KR22_Tempout,1510130741,Temperature,yLeft
10/13/2015 7:43,0,TX_KR22_Po_Tot,1510130741,POAmount,yLeft
10/13/2015 7:43,85.1377,TX_KR22_Tempout,1510130741,Temperature,yLeft
10/13/2015 7:44,85.2537,TX_KR22_Tempout,1510130741,Temperature,yLeft
10/13/2015 7:45,86.9939,TX_KR22_Tempout,1510130741,Temperature,yLeft
10/13/2015 7:47,91.8727,TX_KR22_Tempout,1510130741,Temperature,yLeft
10/13/2015 7:48,5.90533,TX_KR22_Pres,1510130741,Pressure,yLeft
10/13/2015 7:49,8.80154,TX_KR22_Pres,1510130741,Pressure,yLeft
10/13/2015 7:50,147,TX_KR22_PEvent,1510130741,,yRight
10/13/2015 7:51,4240,TX_KR22_matid,1510130741,,
10/13/2015 7:51,96.489,TX_KR22_Tempout,1510130741,Temperature,yLeft
10/13/2015 7:53,0,TX_KR22_Po_Tot,1510130741,POAmount,yLeft
10/13/2015 7:55,100.611,TX_KR22_Tempout,1510130741,Temperature,yLeft
10/13/2015 7:58,8.80154,TX_KR22_Pres,1510130741,Pressure,yLeft
10/13/2015 7:59,10.1138,TX_KR22_Pres,1510130741,Pressure,yLeft
10/13/2015 8:00,4240,TX_KR22_matid,1510130741,,
10/13/2015 8:00,101.74,TX_KR22_Tempout,1510130741,Temperature,yLeft
10/13/2015 8:03,0,TX_KR22_Po_Tot,1510130741,POAmount,yLeft
10/13/2015 8:09,10.0955,TX_KR22_Pres,1510130741,Pressure,yLeft
10/13/2015 8:10,4240,TX_KR22_matid,1510130741,,
10/13/2015 8:10,101.325,TX_KR22_Tempout,1510130741,Temperature,yLeft
10/13/2015 8:13,0,TX_KR22_Po_Tot,1510130741,POAmount,yLeft
10/13/2015 8:15,100.531,TX_KR22_Tempout,1510130741,Temperature,yLeft
10/13/2015 8:16,11.0172,TX_KR22_Pres,1510130741,Pressure,yLeft
10/13/2015 8:17,14.7343,TX_KR22_Pres,1510130741,Pressure,yLeft
10/13/2015 8:18,14.7343,TX_KR22_Pres,1510130741,Pressure,yLeft
10/13/2015 8:19,4240,TX_KR22_matid,1510130741,,
10/13/2015 8:19,17.8442,TX_KR22_Pres,1510130741,Pressure,yLeft
10/13/2015 8:22,0.216635,TX_KR22_Po_Tot,1510130741,POAmount,yLeft
10/13/2015 8:25,100.189,TX_KR22_Tempout,1510130741,Temperature,yLeft
10/13/2015 8:27,17.8442,TX_KR22_Pres,1510130741,Pressure,yLeft
10/13/2015 8:28,24.9702,TX_KR22_Pres,1510130741,Pressure,yLeft
10/13/2015 8:29,4240,TX_KR22_matid,1510130741,,
10/13/2015 8:32,0.565997,TX_KR22_Po_Tot,1510130741,POAmount,yLeft
10/13/2015 8:32,101.215,TX_KR22_Tempout,1510130741,Temperature,yLeft
10/13/2015 8:37,24.9702,TX_KR22_Pres,1510130741,Pressure,yLeft
10/13/2015 8:38,4240,TX_KR22_matid,1510130741,,
10/13/2015 8:38,28.3303,TX_KR22_Pres,1510130741,Pressure,yLeft
10/13/2015 8:42,0.955025,TX_KR22_Po_Tot,1510130741,POAmount,yLeft
10/13/2015 8:42,101.404,TX_KR22_Tempout,1510130741,Temperature,yLeft
10/13/2015 8:47,4240,TX_KR22_matid,1510130741,,
10/13/2015 8:47,29.1086,TX_KR22_Pres,1510130741,Pressure,yLeft
10/13/2015 8:52,1.37762,TX_KR22_Po_Tot,1510130741,POAmount,yLeft
10/13/2015 8:52,100.959,TX_KR22_Tempout,1510130741,Temperature,yLeft
10/13/2015 8:57,4240,TX_KR22_matid,1510130741,,
10/13/2015 8:57,29.4748,TX_KR22_Pres,1510130741,Pressure,yLeft
10/13/2015 9:01,1.76054,TX_KR22_Po_Tot,1510130741,POAmount,yLeft
10/13/2015 9:01,100.959,TX_KR22_Tempout,1510130741,Temperature,yLeft
10/13/2015 9:07,4240,TX_KR22_matid,1510130741,,
10/13/2015 9:07,29.8227,TX_KR22_Pres,1510130741,Pressure,yLeft
10/13/2015 9:11,2.17703,TX_KR22_Po_Tot,1510130741,POAmount,yLeft
10/13/2015 9:11,100.678,TX_KR22_Tempout,1510130741,Temperature,yLeft
10/13/2015 9:17,4240,TX_KR22_matid,1510130741,,
10/13/2015 9:17,30.3842,TX_KR22_Pres,1510130741,Pressure,yLeft
10/13/2015 9:21,2.56453,TX_KR22_Po_Tot,1510130741,POAmount,yLeft
10/13/2015 9:21,100.385,TX_KR22_Tempout,1510130741,Temperature,yLeft
10/13/2015 9:25,30.3842,TX_KR22_Pres,1510130741,Pressure,yLeft
10/13/2015 9:26,31.7637,TX_KR22_Pres,1510130741,Pressure,yLeft
10/13/2015 9:27,4240,TX_KR22_matid,1510130741,,
10/13/2015 9:31,3.01611,TX_KR22_Po_Tot,1510130741,POAmount,yLeft
10/13/2015 9:31,100.092,TX_KR22_Tempout,1510130741,Temperature,yLeft
10/13/2015 9:35,31.7637,TX_KR22_Pres,1510130741,Pressure,yLeft
10/13/2015 9:36,4240,TX_KR22_matid,1510130741,,
10/13/2015 9:36,34.0709,TX_KR22_Pres,1510130741,Pressure,yLeft
10/13/2015 9:41,3.46464,TX_KR22_Po_Tot,1510130741,POAmount,yLeft
10/13/2015 9:41,100.281,TX_KR22_Tempout,1510130741,Temperature,yLeft
10/13/2015 9:43,34.0709,TX_KR22_Pres,1510130741,Pressure,yLeft
10/13/2015 9:44,35.1726,TX_KR22_Pres,1510130741,Pressure,yLeft
10/13/2015 9:46,4240,TX_KR22_matid,1510130741,,
10/13/2015 9:51,3.96351,TX_KR22_Po_Tot,1510130741,POAmount,yLeft
10/13/2015 9:51,100.305,TX_KR22_Tempout,1510130741,Temperature,yLeft
10/13/2015 9:54,36.1583,TX_KR22_Pres,1510130741,Pressure,yLeft
10/13/2015 9:55,4240,TX_KR22_matid,1510130741,,
10/13/2015 10:01,4.41356,TX_KR22_Po_Tot,1510130741,POAmount,yLeft
10/13/2015 10:01,100.318,TX_KR22_Tempout,1510130741,Temperature,yLeft
10/13/2015 10:03,36.9671,TX_KR22_Pres,1510130741,Pressure,yLeft
10/13/2015 10:05,4240,TX_KR22_matid,1510130741,,
10/13/2015 10:10,4.86209,TX_KR22_Po_Tot,1510130741,POAmount,yLeft
10/13/2015 10:10,100.446,TX_KR22_Tempout,1510130741,Temperature,yLeft
10/13/2015 10:13,37.6568,TX_KR22_Pres,1510130741,Pressure,yLeft
10/13/2015 10:14,4240,TX_KR22_matid,1510130741,,
10/13/2015 10:19,5.36096,TX_KR22_Po_Tot,1510130741,POAmount,yLeft
10/13/2015 10:19,100.464,TX_KR22_Tempout,1510130741,Temperature,yLeft
10/13/2015 10:23,38.3129,TX_KR22_Pres,1510130741,Pressure,yLeft
10/13/2015 10:24,4240,TX_KR22_matid,1510130741,,
10/13/2015 10:29,5.81101,TX_KR22_Po_Tot,1510130741,POAmount,yLeft
10/13/2015 10:29,100.495,TX_KR22_Tempout,1510130741,Temperature,yLeft
10/13/2015 10:33,38.8714,TX_KR22_Pres,1510130741,Pressure,yLeft
10/13/2015 10:34,4240,TX_KR22_matid,1510130741,,
10/13/2015 10:38,6.30073,TX_KR22_Po_Tot,1510130741,POAmount,yLeft
10/13/2015 10:38,100.495,TX_KR22_Tempout,1510130741,Temperature,yLeft
10/13/2015 10:43,39.4452,TX_KR22_Pres,1510130741,Pressure,yLeft
10/13/2015 10:44,4240,TX_KR22_matid,1510130741,,
10/13/2015 10:47,6.75993,TX_KR22_Po_Tot,1510130741,POAmount,yLeft
10/13/2015 10:47,100.525,TX_KR22_Tempout,1510130741,Temperature,yLeft
10/13/2015 10:52,39.4452,TX_KR22_Pres,1510130741,Pressure,yLeft
10/13/2015 10:54,4240,TX_KR22_matid,1510130741,,
10/13/2015 10:57,7.26185,TX_KR22_Po_Tot,1510130741,POAmount,yLeft
10/13/2015 10:57,100.159,TX_KR22_Tempout,1510130741,Temperature,yLeft
10/13/2015 11:01,40.2966,TX_KR22_Pres,1510130741,Pressure,yLeft
10/13/2015 11:02,42.0087,TX_KR22_Pres,1510130741,Pressure,yLeft
10/13/2015 11:04,4240,TX_KR22_matid,1510130741,,
10/13/2015 11:07,7.76835,TX_KR22_Po_Tot,1510130741,POAmount,yLeft
10/13/2015 11:07,100.403,TX_KR22_Tempout,1510130741,Temperature,yLeft
10/13/2015 11:10,42.0087,TX_KR22_Pres,1510130741,Pressure,yLeft
10/13/2015 11:11,43.0738,TX_KR22_Pres,1510130741,Pressure,yLeft
10/13/2015 11:13,4240,TX_KR22_matid,1510130741,,
10/13/2015 11:17,8.27943,TX_KR22_Po_Tot,1510130741,POAmount,yLeft
10/13/2015 11:17,100.672,TX_KR22_Tempout,1510130741,Temperature,yLeft
10/13/2015 11:21,43.849,TX_KR22_Pres,1510130741,Pressure,yLeft
10/13/2015 11:23,4240,TX_KR22_matid,1510130741,,
10/13/2015 11:27,8.8439,TX_KR22_Po_Tot,1510130741,POAmount,yLeft
10/13/2015 11:27,100.904,TX_KR22_Tempout,1510130741,Temperature,yLeft
10/13/2015 11:31,44.4868,TX_KR22_Pres,1510130741,Pressure,yLeft
10/13/2015 11:33,4240,TX_KR22_matid,1510130741,,
10/13/2015 11:37,9.35345,TX_KR22_Po_Tot,1510130741,POAmount,yLeft
10/13/2015 11:37,100.769,TX_KR22_Tempout,1510130741,Temperature,yLeft
10/13/2015 11:40,45.0514,TX_KR22_Pres,1510130741,Pressure,yLeft
10/13/2015 11:43,4240,TX_KR22_matid,1510130741,,
10/13/2015 11:47,9.86148,TX_KR22_Po_Tot,1510130741,POAmount,yLeft
10/13/2015 11:47,100.989,TX_KR22_Tempout,1510130741,Temperature,yLeft
10/13/2015 11:50,45.4848,TX_KR22_Pres,1510130741,Pressure,yLeft
10/13/2015 11:53,4240,TX_KR22_matid,1510130741,,
10/13/2015 11:56,10.4366,TX_KR22_Po_Tot,1510130741,POAmount,yLeft
10/13/2015 11:57,100.818,TX_KR22_Tempout,1510130741,Temperature,yLeft
10/13/2015 11:59,45.4848,TX_KR22_Pres,1510130741,Pressure,yLeft
10/13/2015 12:03,4240,TX_KR22_matid,1510130741,,
10/13/2015 12:06,10.9355,TX_KR22_Po_Tot,1510130741,POAmount,yLeft
10/13/2015 12:07,100.708,TX_KR22_Tempout,1510130741,Temperature,yLeft
10/13/2015 12:09,45.9609,TX_KR22_Pres,1510130741,Pressure,yLeft
10/13/2015 12:13,4240,TX_KR22_matid,1510130741,,
10/13/2015 12:15,11.5015,TX_KR22_Po_Tot,1510130741,POAmount,yLeft
10/13/2015 12:17,100.085,TX_KR22_Tempout,1510130741,Temperature,yLeft
10/13/2015 12:19,46.5133,TX_KR22_Pres,1510130741,Pressure,yLeft
10/13/2015 12:20,48.3688,TX_KR22_Pres,1510130741,Pressure,yLeft
10/13/2015 12:23,4240,TX_KR22_matid,1510130741,,
10/13/2015 12:24,12.0599,TX_KR22_Po_Tot,1510130741,POAmount,yLeft
10/13/2015 12:24,48.3688,TX_KR22_Pres,1510130741,Pressure,yLeft
10/13/2015 12:25,50.1633,TX_KR22_Pres,1510130741,Pressure,yLeft
10/13/2015 12:27,99.4932,TX_KR22_Tempout,1510130741,Temperature,yLeft
10/13/2015 12:33,4240,TX_KR22_matid,1510130741,,
10/13/2015 12:34,12.7281,TX_KR22_Po_Tot,1510130741,POAmount,yLeft
10/13/2015 12:34,50.1633,TX_KR22_Pres,1510130741,Pressure,yLeft
10/13/2015 12:35,53.0656,TX_KR22_Pres,1510130741,Pressure,yLeft
10/13/2015 12:37,99.6641,TX_KR22_Tempout,1510130741,Temperature,yLeft
10/13/2015 12:41,53.0656,TX_KR22_Pres,1510130741,Pressure,yLeft
10/13/2015 12:42,54.5091,TX_KR22_Pres,1510130741,Pressure,yLeft
10/13/2015 12:43,4240,TX_KR22_matid,1510130741,,
10/13/2015 12:43,13.5046,TX_KR22_Po_Tot,1510130741,POAmount,yLeft
10/13/2015 12:46,100.348,TX_KR22_Tempout,1510130741,Temperature,yLeft
10/13/2015 12:51,54.5091,TX_KR22_Pres,1510130741,Pressure,yLeft
10/13/2015 12:52,56.0015,TX_KR22_Pres,1510130741,Pressure,yLeft
10/13/2015 12:53,4240,TX_KR22_matid,1510130741,,
10/13/2015 12:53,14.1804,TX_KR22_Po_Tot,1510130741,POAmount,yLeft
10/13/2015 12:56,100.69,TX_KR22_Tempout,1510130741,Temperature,yLeft
10/13/2015 13:02,14.957,TX_KR22_Po_Tot,1510130741,POAmount,yLeft
10/13/2015 13:02,56.9811,TX_KR22_Pres,1510130741,Pressure,yLeft
10/13/2015 13:03,4240,TX_KR22_matid,1510130741,,
10/13/2015 13:06,100.867,TX_KR22_Tempout,1510130741,Temperature,yLeft
10/13/2015 13:11,15.6466,TX_KR22_Po_Tot,1510130741,POAmount,yLeft
10/13/2015 13:12,57.9089,TX_KR22_Pres,1510130741,Pressure,yLeft
10/13/2015 13:13,4240,TX_KR22_matid,1510130741,,
10/13/2015 13:16,100.849,TX_KR22_Tempout,1510130741,Temperature,yLeft
10/13/2015 13:21,16.3361,TX_KR22_Po_Tot,1510130741,POAmount,yLeft
10/13/2015 13:22,58.6352,TX_KR22_Pres,1510130741,Pressure,yLeft
10/13/2015 13:23,4240,TX_KR22_matid,1510130741,,
10/13/2015 13:26,100.983,TX_KR22_Tempout,1510130741,Temperature,yLeft
10/13/2015 13:30,17.102,TX_KR22_Po_Tot,1510130741,POAmount,yLeft
10/13/2015 13:32,4240,TX_KR22_matid,1510130741,,
10/13/2015 13:32,59.6026,TX_KR22_Pres,1510130741,Pressure,yLeft
10/13/2015 13:36,101.032,TX_KR22_Tempout,1510130741,Temperature,yLeft
10/13/2015 13:39,17.787,TX_KR22_Po_Tot,1510130741,POAmount,yLeft
10/13/2015 13:42,4240,TX_KR22_matid,1510130741,,
10/13/2015 13:42,60.3504,TX_KR22_Pres,1510130741,Pressure,yLeft
10/13/2015 13:45,101.117,TX_KR22_Tempout,1510130741,Temperature,yLeft
10/13/2015 13:49,18.4765,TX_KR22_Po_Tot,1510130741,POAmount,yLeft
10/13/2015 13:52,4240,TX_KR22_matid,1510130741,,
10/13/2015 13:52,61.0981,TX_KR22_Pres,1510130741,Pressure,yLeft
10/13/2015 13:55,101.044,TX_KR22_Tempout,1510130741,Temperature,yLeft
10/13/2015 13:58,19.2317,TX_KR22_Po_Tot,1510130741,POAmount,yLeft
10/13/2015 14:02,4240,TX_KR22_matid,1510130741,,
10/13/2015 14:02,62.0594,TX_KR22_Pres,1510130741,Pressure,yLeft
10/13/2015 14:05,100.928,TX_KR22_Tempout,1510130741,Temperature,yLeft
10/13/2015 14:07,19.9182,TX_KR22_Po_Tot,1510130741,POAmount,yLeft
10/13/2015 14:12,4240,TX_KR22_matid,1510130741,,
10/13/2015 14:12,62.8742,TX_KR22_Pres,1510130741,Pressure,yLeft
10/13/2015 14:14,100.983,TX_KR22_Tempout,1510130741,Temperature,yLeft
10/13/2015 14:17,20.6078,TX_KR22_Po_Tot,1510130741,POAmount,yLeft
10/13/2015 14:18,62.8742,TX_KR22_Pres,1510130741,Pressure,yLeft
10/13/2015 14:19,63.8752,TX_KR22_Pres,1510130741,Pressure,yLeft
10/13/2015 14:21,4240,TX_KR22_matid,1510130741,,
10/13/2015 14:24,100.977,TX_KR22_Tempout,1510130741,Temperature,yLeft
10/13/2015 14:26,21.3859,TX_KR22_Po_Tot,1510130741,POAmount,yLeft
10/13/2015 14:29,64.8579,TX_KR22_Pres,1510130741,Pressure,yLeft
10/13/2015 14:31,4240,TX_KR22_matid,1510130741,,
10/13/2015 14:34,100.934,TX_KR22_Tempout,1510130741,Temperature,yLeft
10/13/2015 14:35,22.0739,TX_KR22_Po_Tot,1510130741,POAmount,yLeft
10/13/2015 14:37,64.8579,TX_KR22_Pres,1510130741,Pressure,yLeft
10/13/2015 14:38,66.0939,TX_KR22_Pres,1510130741,Pressure,yLeft
10/13/2015 14:41,4240,TX_KR22_matid,1510130741,,
10/13/2015 14:43,100.983,TX_KR22_Tempout,1510130741,Temperature,yLeft
10/13/2015 14:44,22.8382,TX_KR22_Po_Tot,1510130741,POAmount,yLeft
10/13/2015 14:47,66.0939,TX_KR22_Pres,1510130741,Pressure,yLeft
10/13/2015 14:48,67.2811,TX_KR22_Pres,1510130741,Pressure,yLeft
10/13/2015 14:50,4240,TX_KR22_matid,1510130741,,
10/13/2015 14:53,100.904,TX_KR22_Tempout,1510130741,Temperature,yLeft
10/13/2015 14:54,23.5263,TX_KR22_Po_Tot,1510130741,POAmount,yLeft
10/13/2015 14:58,68.2424,TX_KR22_Pres,1510130741,Pressure,yLeft
10/13/2015 14:59,4240,TX_KR22_matid,1510130741,,
10/13/2015 15:03,100.953,TX_KR22_Tempout,1510130741,Temperature,yLeft
10/13/2015 15:04,24.2158,TX_KR22_Po_Tot,1510130741,POAmount,yLeft
10/13/2015 15:08,69.219,TX_KR22_Pres,1510130741,Pressure,yLeft
10/13/2015 15:09,4240,TX_KR22_matid,1510130741,,
10/13/2015 15:13,24.9832,TX_KR22_Po_Tot,1510130741,POAmount,yLeft
10/13/2015 15:13,100.959,TX_KR22_Tempout,1510130741,Temperature,yLeft
10/13/2015 15:18,69.9606,TX_KR22_Pres,1510130741,Pressure,yLeft
10/13/2015 15:19,4240,TX_KR22_matid,1510130741,,
10/13/2015 15:22,25.6713,TX_KR22_Po_Tot,1510130741,POAmount,yLeft
10/13/2015 15:23,100.904,TX_KR22_Tempout,1510130741,Temperature,yLeft
10/13/2015 15:28,69.7714,TX_KR22_Pres,1510130741,Pressure,yLeft
10/13/2015 15:29,4240,TX_KR22_matid,1510130741,,
10/13/2015 15:32,26.3593,TX_KR22_Po_Tot,1510130741,POAmount,yLeft
10/13/2015 15:33,100.769,TX_KR22_Tempout,1510130741,Temperature,yLeft
10/13/2015 15:37,69.9332,TX_KR22_Pres,1510130741,Pressure,yLeft
10/13/2015 15:38,4240,TX_KR22_matid,1510130741,,
10/13/2015 15:41,27.1099,TX_KR22_Po_Tot,1510130741,POAmount,yLeft
10/13/2015 15:43,100.775,TX_KR22_Tempout,1510130741,Temperature,yLeft
10/13/2015 15:47,69.7317,TX_KR22_Pres,1510130741,Pressure,yLeft
10/13/2015 15:48,4240,TX_KR22_matid,1510130741,,
10/13/2015 15:50,27.8147,TX_KR22_Po_Tot,1510130741,POAmount,yLeft
10/13/2015 15:53,100.763,TX_KR22_Tempout,1510130741,Temperature,yLeft
10/13/2015 15:57,69.8691,TX_KR22_Pres,1510130741,Pressure,yLeft
10/13/2015 15:58,4240,TX_KR22_matid,1510130741,,
10/13/2015 15:59,28.5653,TX_KR22_Po_Tot,1510130741,POAmount,yLeft
10/13/2015 16:03,100.83,TX_KR22_Tempout,1510130741,Temperature,yLeft
10/13/2015 16:07,69.7317,TX_KR22_Pres,1510130741,Pressure,yLeft
10/13/2015 16:08,4240,TX_KR22_matid,1510130741,,
10/13/2015 16:09,29.2686,TX_KR22_Po_Tot,1510130741,POAmount,yLeft
10/13/2015 16:13,100.83,TX_KR22_Tempout,1510130741,Temperature,yLeft
10/13/2015 16:17,69.8874,TX_KR22_Pres,1510130741,Pressure,yLeft
10/13/2015 16:18,4240,TX_KR22_matid,1510130741,,
10/13/2015 16:19,29.9567,TX_KR22_Po_Tot,1510130741,POAmount,yLeft
10/13/2015 16:23,100.953,TX_KR22_Tempout,1510130741,Temperature,yLeft
10/13/2015 16:27,4240,TX_KR22_matid,1510130741,,
10/13/2015 16:27,69.6921,TX_KR22_Pres,1510130741,Pressure,yLeft
10/13/2015 16:28,30.7225,TX_KR22_Po_Tot,1510130741,POAmount,yLeft
10/13/2015 16:32,100.666,TX_KR22_Tempout,1510130741,Temperature,yLeft
10/13/2015 16:37,4240,TX_KR22_matid,1510130741,,
10/13/2015 16:37,69.6616,TX_KR22_Pres,1510130741,Pressure,yLeft
10/13/2015 16:38,31.3984,TX_KR22_Po_Tot,1510130741,POAmount,yLeft
10/13/2015 16:42,100.592,TX_KR22_Tempout,1510130741,Temperature,yLeft
10/13/2015 16:47,4240,TX_KR22_matid,1510130741,,
10/13/2015 16:47,32.1642,TX_KR22_Po_Tot,1510130741,POAmount,yLeft
10/13/2015 16:47,69.8172,TX_KR22_Pres,1510130741,Pressure,yLeft
10/13/2015 16:51,100.641,TX_KR22_Tempout,1510130741,Temperature,yLeft
10/13/2015 16:53,150,TX_KR22_PEvent,1510130741,,yRight
10/13/2015 16:56,32.8675,TX_KR22_Po_Tot,1510130741,POAmount,yLeft
10/13/2015 16:57,4240,TX_KR22_matid,1510130741,,
10/13/2015 16:57,68.8833,TX_KR22_Pres,1510130741,Pressure,yLeft
10/13/2015 17:01,101.136,TX_KR22_Tempout,1510130741,Temperature,yLeft
10/13/2015 17:02,68.8833,TX_KR22_Pres,1510130741,Pressure,yLeft
10/13/2015 17:03,64.9495,TX_KR22_Pres,1510130741,Pressure,yLeft
10/13/2015 17:06,33.2886,TX_KR22_Po_Tot,1510130741,POAmount,yLeft
10/13/2015 17:07,4240,TX_KR22_matid,1510130741,,
10/13/2015 17:11,102.571,TX_KR22_Tempout,1510130741,Temperature,yLeft
10/13/2015 17:12,64.9495,TX_KR22_Pres,1510130741,Pressure,yLeft
10/13/2015 17:13,61.2445,TX_KR22_Pres,1510130741,Pressure,yLeft
10/13/2015 17:16,33.2886,TX_KR22_Po_Tot,1510130741,POAmount,yLeft
10/13/2015 17:17,4240,TX_KR22_matid,1510130741,,
10/13/2015 17:19,61.2445,TX_KR22_Pres,1510130741,Pressure,yLeft
10/13/2015 17:20,58.8946,TX_KR22_Pres,1510130741,Pressure,yLeft
10/13/2015 17:20,104.964,TX_KR22_Tempout,1510130741,Temperature,yLeft
10/13/2015 17:25,33.2886,TX_KR22_Po_Tot,1510130741,POAmount,yLeft
10/13/2015 17:26,106.643,TX_KR22_Tempout,1510130741,Temperature,yLeft
10/13/2015 17:27,4240,TX_KR22_matid,1510130741,,
10/13/2015 17:29,58.8946,TX_KR22_Pres,1510130741,Pressure,yLeft
10/13/2015 17:30,54.8296,TX_KR22_Pres,1510130741,Pressure,yLeft
10/13/2015 17:34,33.2886,TX_KR22_Po_Tot,1510130741,POAmount,yLeft
10/13/2015 17:36,108.891,TX_KR22_Tempout,1510130741,Temperature,yLeft
10/13/2015 17:37,4240,TX_KR22_matid,1510130741,,
10/13/2015 17:39,54.8296,TX_KR22_Pres,1510130741,Pressure,yLeft
10/13/2015 17:40,50.2976,TX_KR22_Pres,1510130741,Pressure,yLeft
10/13/2015 17:44,33.2886,TX_KR22_Po_Tot,1510130741,POAmount,yLeft
10/13/2015 17:46,4240,TX_KR22_matid,1510130741,,
10/13/2015 17:46,110.124,TX_KR22_Tempout,1510130741,Temperature,yLeft
10/13/2015 17:49,50.2976,TX_KR22_Pres,1510130741,Pressure,yLeft
10/13/2015 17:50,45.7015,TX_KR22_Pres,1510130741,Pressure,yLeft
10/13/2015 17:54,33.2886,TX_KR22_Po_Tot,1510130741,POAmount,yLeft
10/13/2015 17:56,4240,TX_KR22_matid,1510130741,,
10/13/2015 17:56,109.416,TX_KR22_Tempout,1510130741,Temperature,yLeft
10/13/2015 17:59,45.7015,TX_KR22_Pres,1510130741,Pressure,yLeft
10/13/2015 18:00,42.3109,TX_KR22_Pres,1510130741,Pressure,yLeft
10/13/2015 18:03,33.2886,TX_KR22_Po_Tot,1510130741,POAmount,yLeft
10/13/2015 18:03,108.494,TX_KR22_Tempout,1510130741,Temperature,yLeft
10/13/2015 18:06,4240,TX_KR22_matid,1510130741,,
10/13/2015 18:09,42.3109,TX_KR22_Pres,1510130741,Pressure,yLeft
10/13/2015 18:10,40.0922,TX_KR22_Pres,1510130741,Pressure,yLeft
10/13/2015 18:13,33.2886,TX_KR22_Po_Tot,1510130741,POAmount,yLeft
10/13/2015 18:13,107.675,TX_KR22_Tempout,1510130741,Temperature,yLeft
10/13/2015 18:16,4240,TX_KR22_matid,1510130741,,
10/13/2015 18:19,40.0922,TX_KR22_Pres,1510130741,Pressure,yLeft
10/13/2015 18:20,38.5571,TX_KR22_Pres,1510130741,Pressure,yLeft
10/13/2015 18:23,33.2886,TX_KR22_Po_Tot,1510130741,POAmount,yLeft
10/13/2015 18:23,107.48,TX_KR22_Tempout,1510130741,Temperature,yLeft
10/13/2015 18:26,4240,TX_KR22_matid,1510130741,,
10/13/2015 18:29,38.5571,TX_KR22_Pres,1510130741,Pressure,yLeft
10/13/2015 18:30,37.4615,TX_KR22_Pres,1510130741,Pressure,yLeft
10/13/2015 18:33,33.2886,TX_KR22_Po_Tot,1510130741,POAmount,yLeft
10/13/2015 18:33,107.309,TX_KR22_Tempout,1510130741,Temperature,yLeft
10/13/2015 18:36,4240,TX_KR22_matid,1510130741,,
10/13/2015 18:40,36.6894,TX_KR22_Pres,1510130741,Pressure,yLeft
10/13/2015 18:43,33.2886,TX_KR22_Po_Tot,1510130741,POAmount,yLeft
10/13/2015 18:43,107.419,TX_KR22_Tempout,1510130741,Temperature,yLeft
10/13/2015 18:46,4240,TX_KR22_matid,1510130741,,
10/13/2015 18:50,36.082,TX_KR22_Pres,1510130741,Pressure,yLeft
10/13/2015 18:53,33.2886,TX_KR22_Po_Tot,1510130741,POAmount,yLeft
10/13/2015 18:53,107.511,TX_KR22_Tempout,1510130741,Temperature,yLeft
10/13/2015 18:56,4240,TX_KR22_matid,1510130741,,
10/13/2015 18:59,35.6151,TX_KR22_Pres,1510130741,Pressure,yLeft
10/13/2015 19:03,33.2886,TX_KR22_Po_Tot,1510130741,POAmount,yLeft
10/13/2015 19:03,107.59,TX_KR22_Tempout,1510130741,Temperature,yLeft
10/13/2015 19:05,4240,TX_KR22_matid,1510130741,,
10/13/2015 19:09,35.2824,TX_KR22_Pres,1510130741,Pressure,yLeft
10/13/2015 19:13,33.2886,TX_KR22_Po_Tot,1510130741,POAmount,yLeft
10/13/2015 19:13,107.755,TX_KR22_Tempout,1510130741,Temperature,yLeft
10/13/2015 19:15,4240,TX_KR22_matid,1510130741,,
10/13/2015 19:18,35.2824,TX_KR22_Pres,1510130741,Pressure,yLeft
10/13/2015 19:23,33.2886,TX_KR22_Po_Tot,1510130741,POAmount,yLeft
10/13/2015 19:23,107.944,TX_KR22_Tempout,1510130741,Temperature,yLeft
10/13/2015 19:25,4240,TX_KR22_matid,1510130741,,
10/13/2015 19:28,35.0414,TX_KR22_Pres,1510130741,Pressure,yLeft
10/13/2015 19:33,33.2886,TX_KR22_Po_Tot,1510130741,POAmount,yLeft
10/13/2015 19:33,107.962,TX_KR22_Tempout,1510130741,Temperature,yLeft
10/13/2015 19:35,4240,TX_KR22_matid,1510130741,,
10/13/2015 19:38,34.8827,TX_KR22_Pres,1510130741,Pressure,yLeft
10/13/2015 19:43,33.2886,TX_KR22_Po_Tot,1510130741,POAmount,yLeft
10/13/2015 19:43,108.152,TX_KR22_Tempout,1510130741,Temperature,yLeft
10/13/2015 19:45,4240,TX_KR22_matid,1510130741,,
10/13/2015 19:47,34.7789,TX_KR22_Pres,1510130741,Pressure,yLeft
10/13/2015 19:52,33.2886,TX_KR22_Po_Tot,1510130741,POAmount,yLeft
10/13/2015 19:52,108.127,TX_KR22_Tempout,1510130741,Temperature,yLeft
10/13/2015 19:55,4240,TX_KR22_matid,1510130741,,
10/13/2015 19:56,34.6324,TX_KR22_Pres,1510130741,Pressure,yLeft
10/13/2015 20:02,33.2886,TX_KR22_Po_Tot,1510130741,POAmount,yLeft
10/13/2015 20:02,108.207,TX_KR22_Tempout,1510130741,Temperature,yLeft
10/13/2015 20:05,4240,TX_KR22_matid,1510130741,,
10/13/2015 20:05,34.611,TX_KR22_Pres,1510130741,Pressure,yLeft
10/13/2015 20:12,33.2886,TX_KR22_Po_Tot,1510130741,POAmount,yLeft
10/13/2015 20:12,108.39,TX_KR22_Tempout,1510130741,Temperature,yLeft
10/13/2015 20:15,4240,TX_KR22_matid,1510130741,,
10/13/2015 20:15,34.5622,TX_KR22_Pres,1510130741,Pressure,yLeft
10/13/2015 20:22,33.2886,TX_KR22_Po_Tot,1510130741,POAmount,yLeft
10/13/2015 20:22,108.451,TX_KR22_Tempout,1510130741,Temperature,yLeft
10/13/2015 20:24,4240,TX_KR22_matid,1510130741,,
10/13/2015 20:24,34.5195,TX_KR22_Pres,1510130741,Pressure,yLeft
10/13/2015 20:27,34.5195,TX_KR22_Pres,1510130741,Pressure,yLeft
10/13/2015 20:28,171,TX_KR22_PEvent,1510130741,,yRight
10/13/2015 20:28,36.3689,TX_KR22_Pres,1510130741,Pressure,yLeft
10/13/2015 20:32,33.2886,TX_KR22_Po_Tot,1510130741,POAmount,yLeft
10/13/2015 20:32,108.439,TX_KR22_Tempout,1510130741,Temperature,yLeft
10/13/2015 20:34,4240,TX_KR22_matid,1510130741,,
10/13/2015 20:38,36.259,TX_KR22_Pres,1510130741,Pressure,yLeft
10/13/2015 20:42,33.2886,TX_KR22_Po_Tot,1510130741,POAmount,yLeft
10/13/2015 20:42,109.519,TX_KR22_Tempout,1510130741,Temperature,yLeft
10/13/2015 20:43,4240,TX_KR22_matid,1510130741,,
10/13/2015 20:48,36.7199,TX_KR22_Pres,1510130741,Pressure,yLeft
10/13/2015 20:52,33.2886,TX_KR22_Po_Tot,1510130741,POAmount,yLeft
10/13/2015 20:52,111.986,TX_KR22_Tempout,1510130741,Temperature,yLeft
10/13/2015 20:53,4240,TX_KR22_matid,1510130741,,
10/13/2015 20:56,112.957,TX_KR22_Tempout,1510130741,Temperature,yLeft
10/13/2015 20:57,36.7199,TX_KR22_Pres,1510130741,Pressure,yLeft
10/13/2015 20:58,113.782,TX_KR22_Tempout,1510130741,Temperature,yLeft
10/13/2015 21:01,33.2886,TX_KR22_Po_Tot,1510130741,POAmount,yLeft
10/13/2015 21:03,4240,TX_KR22_matid,1510130741,,
10/13/2015 21:07,37.1014,TX_KR22_Pres,1510130741,Pressure,yLeft
10/13/2015 21:08,116.651,TX_KR22_Tempout,1510130741,Temperature,yLeft
10/13/2015 21:11,33.2886,TX_KR22_Po_Tot,1510130741,POAmount,yLeft
10/13/2015 21:12,183,TX_KR22_PEvent,1510130741,,yRight
10/13/2015 21:12,37.4157,TX_KR22_Pres,1510130741,Pressure,yLeft
10/13/2015 21:13,4240,TX_KR22_matid,1510130741,,
10/13/2015 21:13,117.873,TX_KR22_Tempout,1510130741,Temperature,yLeft
10/13/2015 21:16,40.4096,TX_KR22_Pres,1510130741,Pressure,yLeft
10/13/2015 21:17,40.4096,TX_KR22_Pres,1510130741,Pressure,yLeft
10/13/2015 21:18,42.8755,TX_KR22_Pres,1510130741,Pressure,yLeft
10/13/2015 21:20,33.2886,TX_KR22_Po_Tot,1510130741,POAmount,yLeft
10/13/2015 21:22,4240,TX_KR22_matid,1510130741,,
10/13/2015 21:22,118.605,TX_KR22_Tempout,1510130741,Temperature,yLeft
10/13/2015 21:26,42.8755,TX_KR22_Pres,1510130741,Pressure,yLeft
10/13/2015 21:27,48.2681,TX_KR22_Pres,1510130741,Pressure,yLeft
10/13/2015 21:30,33.2886,TX_KR22_Po_Tot,1510130741,POAmount,yLeft
10/13/2015 21:32,4240,TX_KR22_matid,1510130741,,
10/13/2015 21:32,118.74,TX_KR22_Tempout,1510130741,Temperature,yLeft
10/13/2015 21:36,48.2681,TX_KR22_Pres,1510130741,Pressure,yLeft
10/13/2015 21:37,52.147,TX_KR22_Pres,1510130741,Pressure,yLeft
10/13/2015 21:39,33.2886,TX_KR22_Po_Tot,1510130741,POAmount,yLeft
10/13/2015 21:42,4240,TX_KR22_matid,1510130741,,
10/13/2015 21:42,119.143,TX_KR22_Tempout,1510130741,Temperature,yLeft
10/13/2015 21:45,52.147,TX_KR22_Pres,1510130741,Pressure,yLeft
10/13/2015 21:46,53.7431,TX_KR22_Pres,1510130741,Pressure,yLeft
10/13/2015 21:49,33.2886,TX_KR22_Po_Tot,1510130741,POAmount,yLeft
10/13/2015 21:52,4240,TX_KR22_matid,1510130741,,
10/13/2015 21:52,119.411,TX_KR22_Tempout,1510130741,Temperature,yLeft
10/13/2015 21:54,53.7431,TX_KR22_Pres,1510130741,Pressure,yLeft
10/13/2015 21:55,55.5681,TX_KR22_Pres,1510130741,Pressure,yLeft
10/13/2015 21:59,33.2886,TX_KR22_Po_Tot,1510130741,POAmount,yLeft
10/13/2015 22:01,55.5681,TX_KR22_Pres,1510130741,Pressure,yLeft
10/13/2015 22:02,4240,TX_KR22_matid,1510130741,,
10/13/2015 22:02,56.798,TX_KR22_Pres,1510130741,Pressure,yLeft
10/13/2015 22:02,119.35,TX_KR22_Tempout,1510130741,Temperature,yLeft
10/13/2015 22:08,33.2886,TX_KR22_Po_Tot,1510130741,POAmount,yLeft
10/13/2015 22:11,56.798,TX_KR22_Pres,1510130741,Pressure,yLeft
10/13/2015 22:12,4240,TX_KR22_matid,1510130741,,
10/13/2015 22:12,58.8916,TX_KR22_Pres,1510130741,Pressure,yLeft
10/13/2015 22:12,119.204,TX_KR22_Tempout,1510130741,Temperature,yLeft
10/13/2015 22:18,33.2886,TX_KR22_Po_Tot,1510130741,POAmount,yLeft
10/13/2015 22:19,58.8916,TX_KR22_Pres,1510130741,Pressure,yLeft
10/13/2015 22:20,60.976,TX_KR22_Pres,1510130741,Pressure,yLeft
10/13/2015 22:22,4240,TX_KR22_matid,1510130741,,
10/13/2015 22:22,119.161,TX_KR22_Tempout,1510130741,Temperature,yLeft
10/13/2015 22:28,33.2886,TX_KR22_Po_Tot,1510130741,POAmount,yLeft
10/13/2015 22:29,60.976,TX_KR22_Pres,1510130741,Pressure,yLeft
10/13/2015 22:30,63.4266,TX_KR22_Pres,1510130741,Pressure,yLeft
10/13/2015 22:32,4240,TX_KR22_matid,1510130741,,
10/13/2015 22:32,119.057,TX_KR22_Tempout,1510130741,Temperature,yLeft
10/13/2015 22:38,33.2886,TX_KR22_Po_Tot,1510130741,POAmount,yLeft
10/13/2015 22:38,63.4266,TX_KR22_Pres,1510130741,Pressure,yLeft
10/13/2015 22:39,65.9017,TX_KR22_Pres,1510130741,Pressure,yLeft
10/13/2015 22:41,4240,TX_KR22_matid,1510130741,,
10/13/2015 22:41,118.966,TX_KR22_Tempout,1510130741,Temperature,yLeft
10/13/2015 22:44,65.9017,TX_KR22_Pres,1510130741,Pressure,yLeft
10/13/2015 22:45,67.5253,TX_KR22_Pres,1510130741,Pressure,yLeft
10/13/2015 22:48,33.2886,TX_KR22_Po_Tot,1510130741,POAmount,yLeft
10/13/2015 22:51,4240,TX_KR22_matid,1510130741,,
10/13/2015 22:51,118.959,TX_KR22_Tempout,1510130741,Temperature,yLeft
10/13/2015 22:52,67.5253,TX_KR22_Pres,1510130741,Pressure,yLeft
10/13/2015 22:53,69.8691,TX_KR22_Pres,1510130741,Pressure,yLeft
10/13/2015 22:58,33.2886,TX_KR22_Po_Tot,1510130741,POAmount,yLeft
10/13/2015 23:01,4240,TX_KR22_matid,1510130741,,
10/13/2015 23:01,118.953,TX_KR22_Tempout,1510130741,Temperature,yLeft
10/13/2015 23:03,70.0186,TX_KR22_Pres,1510130741,Pressure,yLeft
10/13/2015 23:07,33.2886,TX_KR22_Po_Tot,1510130741,POAmount,yLeft
10/13/2015 23:11,4240,TX_KR22_matid,1510130741,,
10/13/2015 23:11,118.911,TX_KR22_Tempout,1510130741,Temperature,yLeft
10/13/2015 23:13,69.7684,TX_KR22_Pres,1510130741,Pressure,yLeft
10/13/2015 23:17,33.2886,TX_KR22_Po_Tot,1510130741,POAmount,yLeft
10/13/2015 23:21,4240,TX_KR22_matid,1510130741,,
10/13/2015 23:21,118.935,TX_KR22_Tempout,1510130741,Temperature,yLeft
10/13/2015 23:23,69.8904,TX_KR22_Pres,1510130741,Pressure,yLeft
10/13/2015 23:27,33.2886,TX_KR22_Po_Tot,1510130741,POAmount,yLeft
10/13/2015 23:31,4240,TX_KR22_matid,1510130741,,
10/13/2015 23:31,118.874,TX_KR22_Tempout,1510130741,Temperature,yLeft
10/13/2015 23:33,69.863,TX_KR22_Pres,1510130741,Pressure,yLeft
10/13/2015 23:34,186,TX_KR22_PEvent,1510130741,,yRight
10/13/2015 23:34,69.3411,TX_KR22_Pres,1510130741,Pressure,yLeft
10/13/2015 23:35,67.2628,TX_KR22_Pres,1510130741,Pressure,yLeft
10/13/2015 23:37,33.2886,TX_KR22_Po_Tot,1510130741,POAmount,yLeft
10/13/2015 23:37,67.2628,TX_KR22_Pres,1510130741,Pressure,yLeft
10/13/2015 23:38,64.4215,TX_KR22_Pres,1510130741,Pressure,yLeft
10/13/2015 23:40,64.4215,TX_KR22_Pres,1510130741,Pressure,yLeft
10/13/2015 23:40,118.013,TX_KR22_Tempout,1510130741,Temperature,yLeft
10/13/2015 23:41,4240,TX_KR22_matid,1510130741,,
10/13/2015 23:41,62.917,TX_KR22_Pres,1510130741,Pressure,yLeft
10/13/2015 23:47,33.2886,TX_KR22_Po_Tot,1510130741,POAmount,yLeft
10/13/2015 23:49,300,TX_KR22_PEvent,1510130741,,yRight
10/13/2015 23:50,118.092,TX_KR22_Tempout,1510130741,Temperature,yLeft
10/13/2015 23:51,4240,TX_KR22_matid,1510130741,,
10/13/2015 23:51,62.4897,TX_KR22_Pres,1510130741,Pressure,yLeft
10/13/2015 23:54,62.4897,TX_KR22_Pres,1510130741,Pressure,yLeft
10/13/2015 23:55,57.7105,TX_KR22_Pres,1510130741,Pressure,yLeft
10/13/2015 23:56,44.3861,TX_KR22_Pres,1510130741,Pressure,yLeft
10/13/2015 23:57,33.2886,TX_KR22_Po_Tot,1510130741,POAmount,yLeft
10/13/2015 23:57,32.9417,TX_KR22_Pres,1510130741,Pressure,yLeft
10/13/2015 23:59,22.3792,TX_KR22_Pres,1510130741,Pressure,yLeft
10/13/2015 23:59,117.854,TX_KR22_Tempout,1510130741,Temperature,yLeft
10/14/2015 0:00,4240,TX_KR22_matid,1510130741,,
10/14/2015 0:01,12.9002,TX_KR22_Pres,1510130741,Pressure,yLeft
10/14/2015 0:02,12.9002,TX_KR22_Pres,1510130741,Pressure,yLeft
10/14/2015 0:03,9.00906,TX_KR22_Pres,1510130741,Pressure,yLeft
10/14/2015 0:05,9.00906,TX_KR22_Pres,1510130741,Pressure,yLeft
10/14/2015 0:06,33.2886,TX_KR22_Po_Tot,1510130741,POAmount,yLeft
10/14/2015 0:06,4.46181,TX_KR22_Pres,1510130741,Pressure,yLeft
10/14/2015 0:09,115.748,TX_KR22_Tempout,1510130741,Temperature,yLeft
10/14/2015 0:10,4240,TX_KR22_matid,1510130741,,
10/14/2015 0:14,114.398,TX_KR22_Tempout,1510130741,Temperature,yLeft
10/14/2015 0:16,33.2886,TX_KR22_Po_Tot,1510130741,POAmount,yLeft
10/14/2015 0:16,4.44655,TX_KR22_Pres,1510130741,Pressure,yLeft
10/14/2015 0:18,113.696,TX_KR22_Tempout,1510130741,Temperature,yLeft
10/14/2015 0:19,4240,TX_KR22_matid,1510130741,,
10/14/2015 0:19,316,TX_KR22_PEvent,1510130741,,yRight
10/14/2015 0:20,110.637,TX_KR22_Tempout,1510130741,Temperature,yLeft
10/14/2015 0:22,103.438,TX_KR22_Tempout,1510130741,Temperature,yLeft
10/14/2015 0:23,101.294,TX_KR22_Tempout,1510130741,Temperature,yLeft
