BatchID,BatchStartTime,BatchEndTime,ProductId,ProductName,PhaseName,StepName,StepTime,TargetTime,TargetTolerance,StepStatus,StepStartTime,StepEndTime
1505311611,5/31/2015 21:11,6/1/2015 14:04,24240,VORANOL 4240 POLYOL,Reaction[1],1Digest[1],216,-1,-1,NA,6/1/2015 6:35,6/1/2015 10:11
1506010904,6/1/2015 14:05,6/2/2015 6:31,24240,VORANOL 4240 POLYOL,Reaction[1],1Digest[1],215,-1,-1,NA,6/1/2015 23:04,6/2/2015 2:40
1506020132,6/2/2015 6:32,6/2/2015 22:51,24240,VORANOL 4240 POLYOL,Reaction[1],1Digest[1],215,-1,-1,NA,6/2/2015 15:25,6/2/2015 19:01
1506021752,6/2/2015 22:52,6/3/2015 15:12,24240,VORANOL 4240 POLYOL,Reaction[1],1Digest[1],215,-1,-1,NA,6/3/2015 7:45,6/3/2015 11:21
1506071052,6/7/2015 15:52,6/8/2015 8:32,24240,VORANOL 4240 POLYOL,Reaction[1],1Digest[1],215,-1,-1,NA,6/8/2015 1:05,6/8/2015 4:41
1506080333,6/8/2015 8:33,6/9/2015 0:56,24240,VORANOL 4240 POLYOL,Reaction[1],1Digest[1],216,-1,-1,NA,6/8/2015 17:28,6/8/2015 21:05
1506081957,6/9/2015 0:58,6/9/2015 17:22,24240,VORANOL 4240 POLYOL,Reaction[1],1Digest[1],216,-1,-1,NA,6/9/2015 9:52,6/9/2015 13:28
1506091224,6/9/2015 17:22,6/10/2015 9:45,24240,VORANOL 4240 POLYOL,Reaction[1],1Digest[1],216,-1,-1,NA,6/10/2015 2:16,6/10/2015 5:53
1506100446,6/10/2015 9:45,6/11/2015 5:58,24240,VORANOL 4240 POLYOL,Reaction[1],1Digest[1],215,-1,-1,NA,6/10/2015 22:26,6/11/2015 2:02
1506110059,6/11/2015 5:59,6/11/2015 22:18,24240,VORANOL 4240 POLYOL,Reaction[1],1Digest[1],215,-1,-1,NA,6/11/2015 14:52,6/11/2015 18:27
1506182059,6/19/2015 2:01,6/19/2015 18:26,24240,VORANOL 4240 POLYOL,Reaction[1],1Digest[1],216,-1,-1,NA,6/19/2015 11:01,6/19/2015 14:37
1506191327,6/19/2015 18:38,6/20/2015 10:51,24240,VORANOL 4240 POLYOL,Reaction[1],1Digest[1],216,-1,-1,NA,6/20/2015 3:26,6/20/2015 7:02
1506200552,6/20/2015 11:04,6/21/2015 3:46,24240,VORANOL 4240 POLYOL,Reaction[2],1Digest[1],215,-1,-1,NA,6/20/2015 20:18,6/20/2015 23:54
1506202247,6/21/2015 3:59,6/21/2015 20:14,24240,VORANOL 4240 POLYOL,Reaction[2],1Digest[1],215,-1,-1,NA,6/21/2015 12:46,6/21/2015 16:22
1506211515,6/21/2015 20:16,6/22/2015 12:43,24240,VORANOL 4240 POLYOL,Reaction[1],1Digest[1],216,-1,-1,NA,6/22/2015 5:15,6/22/2015 8:51
1506220744,6/22/2015 12:54,6/23/2015 5:08,24240,VORANOL 4240 POLYOL,Reaction[2],1Digest[1],215,-1,-1,NA,6/22/2015 21:39,6/23/2015 1:15
1506230009,6/23/2015 5:19,6/23/2015 21:32,24240,VORANOL 4240 POLYOL,Reaction[1],1Digest[1],216,-1,-1,NA,6/23/2015 14:06,6/23/2015 17:42
1506231633,6/23/2015 21:34,6/24/2015 13:56,24240,VORANOL 4240 POLYOL,Reaction[1],1Digest[1],216,-1,-1,NA,6/24/2015 6:28,6/24/2015 10:04
1506240857,6/24/2015 13:58,6/25/2015 6:18,24240,VORANOL 4240 POLYOL,Reaction[1],1Digest[1],216,-1,-1,NA,6/24/2015 22:51,6/25/2015 2:27
1506250119,6/25/2015 6:29,6/25/2015 22:42,24240,VORANOL 4240 POLYOL,Reaction[1],1Digest[1],216,-1,-1,NA,6/25/2015 15:14,6/25/2015 18:50
1507032122,7/4/2015 2:58,7/4/2015 19:24,24240,VORANOL 4240 POLYOL,Reaction[1],1Digest[1],216,-1,-1,NA,7/4/2015 11:57,7/4/2015 15:33
1507041425,7/4/2015 19:36,7/5/2015 11:50,24240,VORANOL 4240 POLYOL,Reaction[1],1Digest[1],216,-1,-1,NA,7/5/2015 4:23,7/5/2015 7:59
1507050651,7/5/2015 11:52,7/6/2015 4:13,24240,VORANOL 4240 POLYOL,Reaction[1],1Digest[1],216,-1,-1,NA,7/5/2015 20:46,7/6/2015 0:22
1507052314,7/6/2015 4:24,7/6/2015 21:15,24240,VORANOL 4240 POLYOL,Reaction[1],1Digest[1],216,-1,-1,NA,7/6/2015 13:49,7/6/2015 17:25
1507061616,7/6/2015 21:27,7/7/2015 13:53,24240,VORANOL 4240 POLYOL,Reaction[1],1Digest[1],216,-1,-1,NA,7/7/2015 6:25,7/7/2015 10:01
1507070854,7/7/2015 13:55,7/8/2015 6:29,24240,VORANOL 4240 POLYOL,Reaction[1],1Digest[1],216,-1,-1,NA,7/7/2015 23:03,7/8/2015 2:39
1507170947,7/17/2015 15:06,7/18/2015 8:31,24240,VORANOL 4240 POLYOL,Reaction[1],1Digest[1],214,216,5,OK,7/18/2015 0:18,7/18/2015 3:53
1507180332,7/18/2015 8:43,7/19/2015 3:03,24240,VORANOL 4240 POLYOL,Reaction[1],1Digest[1],215,216,5,OK,7/18/2015 19:34,7/18/2015 23:09
1507182204,7/19/2015 3:13,7/19/2015 20:21,24240,VORANOL 4240 POLYOL,Reaction[1],1Digest[1],215,216,5,OK,7/19/2015 12:51,7/19/2015 16:26
1507191522,7/19/2015 20:23,7/20/2015 13:02,24240,VORANOL 4240 POLYOL,Reaction[1],1Digest[1],216,216,5,OK,7/20/2015 5:33,7/20/2015 9:09
1507200803,7/20/2015 13:59,7/21/2015 7:11,24240,VORANOL 4240 POLYOL,Reaction[1],1Digest[1],216,216,5,OK,7/20/2015 23:43,7/21/2015 3:19
1507210212,7/21/2015 7:22,7/22/2015 0:18,24240,VORANOL 4240 POLYOL,Reaction[1],1Digest[1],214,216,5,OK,7/21/2015 16:48,7/21/2015 20:23
1507211919,7/22/2015 0:20,7/22/2015 17:00,24240,VORANOL 4240 POLYOL,Reaction[1],1Digest[1],216,216,5,OK,7/22/2015 9:34,7/22/2015 13:10
1507272011,7/28/2015 22:07,7/29/2015 14:44,24240,VORANOL 4240 POLYOL,Reaction[1],1Digest[1],214,216,5,OK,7/29/2015 7:16,7/29/2015 10:51
1507290945,7/29/2015 14:54,7/30/2015 7:41,24240,VORANOL 4240 POLYOL,Reaction[1],1Digest[1],215,216,5,OK,7/30/2015 0:13,7/30/2015 3:48
1507300242,7/30/2015 7:51,7/31/2015 0:42,24240,VORANOL 4240 POLYOL,Reaction[1],1Digest[1],215,216,5,OK,7/30/2015 17:15,7/30/2015 20:50
1507301943,7/31/2015 0:52,7/31/2015 17:35,24240,VORANOL 4240 POLYOL,Reaction[1],1Digest[1],215,216,5,OK,7/31/2015 10:07,7/31/2015 13:42
1507311236,7/31/2015 17:45,8/1/2015 12:17,24240,VORANOL 4240 POLYOL,Reaction[1],1Digest[1],214,216,5,OK,8/1/2015 4:48,8/1/2015 8:23
1508010718,8/1/2015 12:28,8/2/2015 5:49,24240,VORANOL 4240 POLYOL,Reaction[1],1Digest[1],215,216,5,OK,8/1/2015 22:22,8/2/2015 1:57
1508020050,8/2/2015 5:59,8/3/2015 1:41,24240,VORANOL 4240 POLYOL,Reaction[1],1Digest[1],215,216,5,OK,8/2/2015 18:16,8/2/2015 21:51
1508022042,8/3/2015 2:21,8/3/2015 18:47,24240,VORANOL 4240 POLYOL,Reaction[1],1Digest[1],216,216,5,OK,8/3/2015 11:21,8/3/2015 14:57
1508031348,8/3/2015 18:57,8/4/2015 14:09,24240,VORANOL 4240 POLYOL,Reaction[1],1Digest[1],215,216,5,OK,8/4/2015 6:44,8/4/2015 10:19
1508071414,8/7/2015 19:18,8/8/2015 14:15,24240,VORANOL 4240 POLYOL,Reaction[1],1Digest[1],215,216,5,OK,8/8/2015 6:47,8/8/2015 10:22
1508080916,8/8/2015 14:17,8/9/2015 6:50,24240,VORANOL 4240 POLYOL,Reaction[1],1Digest[1],214,216,5,OK,8/8/2015 23:22,8/9/2015 2:57
1508090151,8/9/2015 7:01,8/9/2015 23:26,24240,VORANOL 4240 POLYOL,Reaction[1],1Digest[1],216,216,5,OK,8/9/2015 16:01,8/9/2015 19:37
1508091827,8/9/2015 23:28,8/10/2015 16:15,24240,VORANOL 4240 POLYOL,Reaction[1],1Digest[1],214,216,5,OK,8/10/2015 8:50,8/10/2015 12:25
1508101116,8/10/2015 17:19,8/11/2015 9:48,24240,VORANOL 4240 POLYOL,Reaction[1],1Digest[1],215,216,5,OK,8/11/2015 2:20,8/11/2015 5:55
1508110449,8/11/2015 9:50,8/12/2015 2:42,24240,VORANOL 4240 POLYOL,Reaction[1],1Digest[1],215,216,5,OK,8/11/2015 19:11,8/11/2015 22:46
1508112143,8/12/2015 3:01,8/12/2015 19:33,24240,VORANOL 4240 POLYOL,Reaction[1],1Digest[1],215,216,5,OK,8/12/2015 11:59,8/12/2015 15:34
1508121434,8/12/2015 19:35,8/13/2015 12:09,24240,VORANOL 4240 POLYOL,Reaction[1],1Digest[1],215,216,5,OK,8/13/2015 4:38,8/13/2015 8:13
1508130710,8/13/2015 12:28,8/14/2015 4:55,24240,VORANOL 4240 POLYOL,Reaction[1],1Digest[1],215,216,5,OK,8/13/2015 21:23,8/14/2015 0:58
1508132356,8/14/2015 4:57,8/14/2015 21:37,24240,VORANOL 4240 POLYOL,Reaction[1],1Digest[1],215,216,5,OK,8/14/2015 14:03,8/14/2015 17:38
1508170018,8/17/2015 5:49,8/17/2015 22:29,24240,VORANOL 4240 POLYOL,Reaction[1],1Digest[1],215,216,5,OK,8/17/2015 14:55,8/17/2015 18:31
1508171730,8/17/2015 22:49,8/18/2015 17:57,24240,VORANOL 4240 POLYOL,Reaction[1],1Digest[1],216,216,5,OK,8/18/2015 7:45,8/18/2015 11:21
1508181258,8/18/2015 18:12,8/19/2015 10:35,24240,VORANOL 4240 POLYOL,Reaction[1],1Digest[1],214,216,5,OK,8/19/2015 3:05,8/19/2015 6:40
1508190536,8/19/2015 10:37,8/20/2015 3:06,24240,VORANOL 4240 POLYOL,Reaction[1],1Digest[1],215,216,5,OK,8/19/2015 19:34,8/19/2015 23:09
1508192207,8/20/2015 3:20,8/20/2015 19:52,24240,VORANOL 4240 POLYOL,Reaction[1],1Digest[1],215,216,5,OK,8/20/2015 12:12,8/20/2015 15:47
1508201453,8/20/2015 20:45,8/21/2015 14:26,24240,VORANOL 4240 POLYOL,Reaction[1],1Digest[1],215,216,5,OK,8/21/2015 5:48,8/21/2015 9:24
1508210927,8/21/2015 14:53,8/22/2015 7:32,24240,VORANOL 4240 POLYOL,Reaction[1],1Digest[1],215,216,5,OK,8/21/2015 23:59,8/22/2015 3:34
1508220233,8/22/2015 7:49,8/23/2015 0:05,24240,VORANOL 4240 POLYOL,Reaction[1],1Digest[1],215,216,5,OK,8/22/2015 16:31,8/22/2015 20:06
1509100635,9/10/2015 11:55,9/12/2015 5:20,24240,VORANOL 4240 POLYOL,Reaction[1],1Digest[1],215,216,5,OK,9/10/2015 21:03,9/11/2015 0:38
1509120021,9/13/2015 1:29,9/14/2015 11:25,24240,VORANOL 4240 POLYOL,Reaction[1],1Digest[1],215,216,5,OK,9/13/2015 21:46,9/14/2015 1:21
1509140626,9/14/2015 11:27,9/15/2015 3:58,24240,VORANOL 4240 POLYOL,Reaction[1],1Digest[1],216,216,5,OK,9/14/2015 20:23,9/14/2015 23:59
1509142259,9/15/2015 4:15,9/15/2015 20:28,24240,VORANOL 4240 POLYOL,Reaction[1],1Digest[1],215,216,5,OK,9/15/2015 12:57,9/15/2015 16:32
1509151529,9/15/2015 20:47,9/16/2015 13:03,24240,VORANOL 4240 POLYOL,Reaction[1],1Digest[1],214,216,5,OK,9/16/2015 5:29,9/16/2015 9:04
1509160804,9/16/2015 13:18,9/17/2015 5:34,24240,VORANOL 4240 POLYOL,Reaction[1],1Digest[1],214,216,5,OK,9/16/2015 22:00,9/17/2015 1:35
1509190532,9/19/2015 20:05,9/20/2015 12:41,24240,VORANOL 4240 POLYOL,Reaction[1],1Digest[1],215,216,5,OK,9/20/2015 5:06,9/20/2015 8:41
1509200742,9/20/2015 13:01,9/21/2015 5:17,24240,VORANOL 4240 POLYOL,Reaction[1],1Digest[1],215,216,5,OK,9/20/2015 21:46,9/21/2015 1:21
1509210018,9/21/2015 5:34,9/21/2015 21:51,24240,VORANOL 4240 POLYOL,Reaction[1],1Digest[1],214,216,5,OK,9/21/2015 14:20,9/21/2015 17:55
1509211652,9/21/2015 22:09,9/22/2015 14:24,24240,VORANOL 4240 POLYOL,Reaction[1],1Digest[1],215,216,5,OK,9/22/2015 6:52,9/22/2015 10:27
1509220925,9/22/2015 14:44,9/23/2015 6:58,24240,VORANOL 4240 POLYOL,Reaction[1],1Digest[1],216,216,5,OK,9/22/2015 23:25,9/23/2015 3:01
1509230159,9/23/2015 7:12,9/23/2015 23:46,24240,VORANOL 4240 POLYOL,Reaction[1],1Digest[1],216,216,5,OK,9/23/2015 16:13,9/23/2015 19:49
1509231847,9/24/2015 0:03,9/24/2015 16:28,24240,VORANOL 4240 POLYOL,Reaction[1],1Digest[1],215,216,5,OK,9/24/2015 8:58,9/24/2015 12:33
1509291933,9/30/2015 7:19,10/2/2015 12:16,24240,VORANOL 4240 POLYOL,Reaction[1],1Digest[1],353,216,5,OOC,9/30/2015 16:23,9/30/2015 22:16
1506191327,6/19/2015 18:38,6/20/2015 10:51,24240,VORANOL 4240 POLYOL,Reaction[1],1Digest[2],0,-1,-1,NA,6/20/2015 10:01,6/20/2015 10:01
1506202247,6/21/2015 3:59,6/21/2015 20:14,24240,VORANOL 4240 POLYOL,Reaction[2],1Digest[2],0,-1,-1,NA,6/21/2015 19:22,6/21/2015 19:22
1505311611,5/31/2015 21:11,6/1/2015 14:04,24240,VORANOL 4240 POLYOL,Reaction[1],1OxFeed[1],554,-1,-1,NA,5/31/2015 21:20,6/1/2015 6:35
1506010904,6/1/2015 14:05,6/2/2015 6:31,24240,VORANOL 4240 POLYOL,Reaction[1],1OxFeed[1],527,-1,-1,NA,6/1/2015 14:17,6/1/2015 23:04
1506020132,6/2/2015 6:32,6/2/2015 22:51,24240,VORANOL 4240 POLYOL,Reaction[1],1OxFeed[1],523,-1,-1,NA,6/2/2015 6:41,6/2/2015 15:25
1506021752,6/2/2015 22:52,6/3/2015 15:12,24240,VORANOL 4240 POLYOL,Reaction[1],1OxFeed[1],522,-1,-1,NA,6/2/2015 23:02,6/3/2015 7:45
1506071052,6/7/2015 15:52,6/8/2015 8:32,24240,VORANOL 4240 POLYOL,Reaction[1],1OxFeed[1],524,-1,-1,NA,6/7/2015 16:20,6/8/2015 1:05
1506080333,6/8/2015 8:33,6/9/2015 0:56,24240,VORANOL 4240 POLYOL,Reaction[1],1OxFeed[1],526,-1,-1,NA,6/8/2015 8:41,6/8/2015 17:28
1506081957,6/9/2015 0:58,6/9/2015 17:22,24240,VORANOL 4240 POLYOL,Reaction[1],1OxFeed[1],526,-1,-1,NA,6/9/2015 1:06,6/9/2015 9:52
1506091224,6/9/2015 17:22,6/10/2015 9:45,24240,VORANOL 4240 POLYOL,Reaction[1],1OxFeed[1],525,-1,-1,NA,6/9/2015 17:31,6/10/2015 2:16
1506100446,6/10/2015 9:45,6/11/2015 5:58,24240,VORANOL 4240 POLYOL,Reaction[1],1OxFeed[1],750,-1,-1,NA,6/10/2015 9:56,6/10/2015 22:26
1506110059,6/11/2015 5:59,6/11/2015 22:18,24240,VORANOL 4240 POLYOL,Reaction[1],1OxFeed[1],523,-1,-1,NA,6/11/2015 6:08,6/11/2015 14:52
1506182059,6/19/2015 2:01,6/19/2015 18:26,24240,VORANOL 4240 POLYOL,Reaction[1],1OxFeed[1],528,-1,-1,NA,6/19/2015 2:13,6/19/2015 11:01
1506191327,6/19/2015 18:38,6/20/2015 10:51,24240,VORANOL 4240 POLYOL,Reaction[1],1OxFeed[1],528,-1,-1,NA,6/19/2015 18:38,6/20/2015 3:26
1506200552,6/20/2015 11:04,6/21/2015 3:46,24240,VORANOL 4240 POLYOL,Reaction[1],1OxFeed[1],554,-1,-1,NA,6/20/2015 11:04,6/20/2015 20:18
1506202247,6/21/2015 3:59,6/21/2015 20:14,24240,VORANOL 4240 POLYOL,Reaction[1],1OxFeed[1],527,-1,-1,NA,6/21/2015 3:59,6/21/2015 12:46
1506211515,6/21/2015 20:16,6/22/2015 12:43,24240,VORANOL 4240 POLYOL,Reaction[1],1OxFeed[1],528,-1,-1,NA,6/21/2015 20:27,6/22/2015 5:15
1506220744,6/22/2015 12:54,6/23/2015 5:08,24240,VORANOL 4240 POLYOL,Reaction[1],1OxFeed[1],525,-1,-1,NA,6/22/2015 12:54,6/22/2015 21:39
1506230009,6/23/2015 5:19,6/23/2015 21:32,24240,VORANOL 4240 POLYOL,Reaction[1],1OxFeed[1],527,-1,-1,NA,6/23/2015 5:19,6/23/2015 14:06
1506231633,6/23/2015 21:34,6/24/2015 13:56,24240,VORANOL 4240 POLYOL,Reaction[1],1OxFeed[1],525,-1,-1,NA,6/23/2015 21:43,6/24/2015 6:28
1506240857,6/24/2015 13:58,6/25/2015 6:18,24240,VORANOL 4240 POLYOL,Reaction[1],1OxFeed[1],524,-1,-1,NA,6/24/2015 14:07,6/24/2015 22:51
1506250119,6/25/2015 6:29,6/25/2015 22:42,24240,VORANOL 4240 POLYOL,Reaction[1],1OxFeed[1],525,-1,-1,NA,6/25/2015 6:29,6/25/2015 15:14
1507032122,7/4/2015 2:58,7/4/2015 19:24,24240,VORANOL 4240 POLYOL,Reaction[1],1OxFeed[1],528,-1,-1,NA,7/4/2015 3:09,7/4/2015 11:57
1507041425,7/4/2015 19:36,7/5/2015 11:50,24240,VORANOL 4240 POLYOL,Reaction[1],1OxFeed[1],527,-1,-1,NA,7/4/2015 19:36,7/5/2015 4:23
1507050651,7/5/2015 11:52,7/6/2015 4:13,24240,VORANOL 4240 POLYOL,Reaction[1],1OxFeed[1],524,-1,-1,NA,7/5/2015 12:01,7/5/2015 20:46
1507052314,7/6/2015 4:24,7/6/2015 21:15,24240,VORANOL 4240 POLYOL,Reaction[1],1OxFeed[1],565,-1,-1,NA,7/6/2015 4:24,7/6/2015 13:49
1507061616,7/6/2015 21:27,7/7/2015 13:53,24240,VORANOL 4240 POLYOL,Reaction[1],1OxFeed[1],527,-1,-1,NA,7/6/2015 21:38,7/7/2015 6:25
1507070854,7/7/2015 13:55,7/8/2015 6:29,24240,VORANOL 4240 POLYOL,Reaction[1],1OxFeed[1],538,-1,-1,NA,7/7/2015 14:05,7/7/2015 23:03
1507170947,7/17/2015 15:06,7/18/2015 8:31,24240,VORANOL 4240 POLYOL,Reaction[1],1OxFeed[1],542,534,5,OK,7/17/2015 15:16,7/18/2015 0:18
1507180332,7/18/2015 8:43,7/19/2015 3:03,24240,VORANOL 4240 POLYOL,Reaction[1],1OxFeed[1],651,534,5,OK,7/18/2015 8:43,7/18/2015 19:34
1507182204,7/19/2015 3:13,7/19/2015 20:21,24240,VORANOL 4240 POLYOL,Reaction[1],1OxFeed[1],578,534,5,OK,7/19/2015 3:13,7/19/2015 12:51
1507191522,7/19/2015 20:23,7/20/2015 13:02,24240,VORANOL 4240 POLYOL,Reaction[1],1OxFeed[1],540,534,5,OK,7/19/2015 20:32,7/20/2015 5:33
1507200803,7/20/2015 13:59,7/21/2015 7:11,24240,VORANOL 4240 POLYOL,Reaction[1],1OxFeed[1],573,534,5,OK,7/20/2015 14:10,7/20/2015 23:43
1507210212,7/21/2015 7:22,7/22/2015 0:18,24240,VORANOL 4240 POLYOL,Reaction[1],1OxFeed[1],566,534,5,OK,7/21/2015 7:22,7/21/2015 16:48
1507211919,7/22/2015 0:20,7/22/2015 17:00,24240,VORANOL 4240 POLYOL,Reaction[1],1OxFeed[1],545,534,5,OK,7/22/2015 0:29,7/22/2015 9:34
1507272011,7/28/2015 22:07,7/29/2015 14:44,24240,VORANOL 4240 POLYOL,Reaction[1],1OxFeed[1],538,534,5,OK,7/28/2015 22:18,7/29/2015 7:16
1507290945,7/29/2015 14:54,7/30/2015 7:41,24240,VORANOL 4240 POLYOL,Reaction[1],1OxFeed[1],559,534,5,OK,7/29/2015 14:54,7/30/2015 0:13
1507300242,7/30/2015 7:51,7/31/2015 0:42,24240,VORANOL 4240 POLYOL,Reaction[1],1OxFeed[1],564,534,5,OOC,7/30/2015 7:51,7/30/2015 17:15
1507301943,7/31/2015 0:52,7/31/2015 17:35,24240,VORANOL 4240 POLYOL,Reaction[1],1OxFeed[1],555,534,5,OOC,7/31/2015 0:52,7/31/2015 10:07
1507311236,7/31/2015 17:45,8/1/2015 12:17,24240,VORANOL 4240 POLYOL,Reaction[1],1OxFeed[1],663,534,5,OOC,7/31/2015 17:45,8/1/2015 4:48
1508010718,8/1/2015 12:28,8/2/2015 5:49,24240,VORANOL 4240 POLYOL,Reaction[1],1OxFeed[1],594,534,5,OOC,8/1/2015 12:28,8/1/2015 22:22
1508020050,8/2/2015 5:59,8/3/2015 1:41,24240,VORANOL 4240 POLYOL,Reaction[1],1OxFeed[1],737,534,5,OOC,8/2/2015 5:59,8/2/2015 18:16
1508022042,8/3/2015 2:21,8/3/2015 18:47,24240,VORANOL 4240 POLYOL,Reaction[1],1OxFeed[1],530,534,5,OK,8/3/2015 2:31,8/3/2015 11:21
1508031348,8/3/2015 18:57,8/4/2015 14:09,24240,VORANOL 4240 POLYOL,Reaction[1],1OxFeed[1],707,534,5,OOC,8/3/2015 18:57,8/4/2015 6:44
1508071414,8/7/2015 19:18,8/8/2015 14:15,24240,VORANOL 4240 POLYOL,Reaction[1],1OxFeed[1],680,534,5,OOC,8/7/2015 19:27,8/8/2015 6:47
1508080916,8/8/2015 14:17,8/9/2015 6:50,24240,VORANOL 4240 POLYOL,Reaction[1],1OxFeed[1],536,534,5,OK,8/8/2015 14:26,8/8/2015 23:22
1508090151,8/9/2015 7:01,8/9/2015 23:26,24240,VORANOL 4240 POLYOL,Reaction[1],1OxFeed[1],540,534,5,OOC,8/9/2015 7:01,8/9/2015 16:01
1508091827,8/9/2015 23:28,8/10/2015 16:15,24240,VORANOL 4240 POLYOL,Reaction[1],1OxFeed[1],553,534,5,OOC,8/9/2015 23:37,8/10/2015 8:50
1508101116,8/10/2015 17:19,8/11/2015 9:48,24240,VORANOL 4240 POLYOL,Reaction[1],1OxFeed[1],540,534,5,OOC,8/10/2015 17:19,8/11/2015 2:20
1508110449,8/11/2015 9:50,8/12/2015 2:42,24240,VORANOL 4240 POLYOL,Reaction[1],1OxFeed[1],552,534,5,OOC,8/11/2015 9:59,8/11/2015 19:11
1508112143,8/12/2015 3:01,8/12/2015 19:33,24240,VORANOL 4240 POLYOL,Reaction[1],1OxFeed[1],538,534,5,OK,8/12/2015 3:01,8/12/2015 11:59
1508121434,8/12/2015 19:35,8/13/2015 12:09,24240,VORANOL 4240 POLYOL,Reaction[1],1OxFeed[1],522,534,5,OK,8/12/2015 19:56,8/13/2015 4:38
1508130710,8/13/2015 12:28,8/14/2015 4:55,24240,VORANOL 4240 POLYOL,Reaction[1],1OxFeed[1],535,534,5,OK,8/13/2015 12:28,8/13/2015 21:23
1508132356,8/14/2015 4:57,8/14/2015 21:37,24240,VORANOL 4240 POLYOL,Reaction[1],1OxFeed[1],529,534,5,OK,8/14/2015 5:14,8/14/2015 14:03
1508170018,8/17/2015 5:49,8/17/2015 22:29,24240,VORANOL 4240 POLYOL,Reaction[1],1OxFeed[1],521,534,5,OK,8/17/2015 6:14,8/17/2015 14:55
1508171730,8/17/2015 22:49,8/18/2015 17:57,24240,VORANOL 4240 POLYOL,Reaction[1],1OxFeed[1],535,534,5,OK,8/17/2015 22:49,8/18/2015 7:45
1508181258,8/18/2015 18:12,8/19/2015 10:35,24240,VORANOL 4240 POLYOL,Reaction[1],1OxFeed[1],532,534,5,OK,8/18/2015 18:12,8/19/2015 3:05
1508190536,8/19/2015 10:37,8/20/2015 3:06,24240,VORANOL 4240 POLYOL,Reaction[1],1OxFeed[1],522,534,5,OK,8/19/2015 10:52,8/19/2015 19:34
1508192207,8/20/2015 3:20,8/20/2015 19:52,24240,VORANOL 4240 POLYOL,Reaction[1],1OxFeed[1],532,534,5,OK,8/20/2015 3:20,8/20/2015 12:12
1508201453,8/20/2015 20:45,8/21/2015 14:26,24240,VORANOL 4240 POLYOL,Reaction[1],1OxFeed[1],543,534,5,OOC,8/20/2015 20:45,8/21/2015 5:48
1508210927,8/21/2015 14:53,8/22/2015 7:32,24240,VORANOL 4240 POLYOL,Reaction[1],1OxFeed[1],546,534,5,OOC,8/21/2015 14:53,8/21/2015 23:59
1508220233,8/22/2015 7:49,8/23/2015 0:05,24240,VORANOL 4240 POLYOL,Reaction[1],1OxFeed[1],522,534,5,OK,8/22/2015 7:49,8/22/2015 16:31
1509100635,9/10/2015 11:55,9/12/2015 5:20,24240,VORANOL 4240 POLYOL,Reaction[1],1OxFeed[1],529,534,5,OK,9/10/2015 12:14,9/10/2015 21:03
1509120021,9/13/2015 1:29,9/14/2015 11:25,24240,VORANOL 4240 POLYOL,Reaction[1],1OxFeed[1],523,534,5,OK,9/13/2015 13:03,9/13/2015 21:46
1509140626,9/14/2015 11:27,9/15/2015 3:58,24240,VORANOL 4240 POLYOL,Reaction[1],1OxFeed[1],521,534,5,OK,9/14/2015 11:42,9/14/2015 20:23
1509142259,9/15/2015 4:15,9/15/2015 20:28,24240,VORANOL 4240 POLYOL,Reaction[1],1OxFeed[1],522,534,5,OK,9/15/2015 4:15,9/15/2015 12:57
1509151529,9/15/2015 20:47,9/16/2015 13:03,24240,VORANOL 4240 POLYOL,Reaction[1],1OxFeed[1],522,534,5,OK,9/15/2015 20:47,9/16/2015 5:29
1509160804,9/16/2015 13:18,9/17/2015 5:34,24240,VORANOL 4240 POLYOL,Reaction[1],1OxFeed[1],522,534,5,OK,9/16/2015 13:18,9/16/2015 22:00
1509190532,9/19/2015 20:05,9/20/2015 12:41,24240,VORANOL 4240 POLYOL,Reaction[1],1OxFeed[1],520,534,5,OK,9/19/2015 20:25,9/20/2015 5:06
1509200742,9/20/2015 13:01,9/21/2015 5:17,24240,VORANOL 4240 POLYOL,Reaction[1],1OxFeed[1],525,534,5,OK,9/20/2015 13:01,9/20/2015 21:46
1509210018,9/21/2015 5:34,9/21/2015 21:51,24240,VORANOL 4240 POLYOL,Reaction[1],1OxFeed[1],526,534,5,OK,9/21/2015 5:34,9/21/2015 14:20
1509211652,9/21/2015 22:09,9/22/2015 14:24,24240,VORANOL 4240 POLYOL,Reaction[1],1OxFeed[1],523,534,5,OK,9/21/2015 22:09,9/22/2015 6:52
1509220925,9/22/2015 14:44,9/23/2015 6:58,24240,VORANOL 4240 POLYOL,Reaction[1],1OxFeed[1],521,534,5,OK,9/22/2015 14:44,9/22/2015 23:25
1509230159,9/23/2015 7:12,9/23/2015 23:46,24240,VORANOL 4240 POLYOL,Reaction[1],1OxFeed[1],541,534,5,OOC,9/23/2015 7:12,9/23/2015 16:13
1509231847,9/24/2015 0:03,9/24/2015 16:28,24240,VORANOL 4240 POLYOL,Reaction[1],1OxFeed[1],535,534,5,OK,9/24/2015 0:03,9/24/2015 8:58
1509291933,9/30/2015 7:19,10/2/2015 12:16,24240,VORANOL 4240 POLYOL,Reaction[1],1OxFeed[1],521,534,5,OK,9/30/2015 7:42,9/30/2015 16:23
1505311611,5/31/2015 21:11,6/1/2015 14:04,24240,VORANOL 4240 POLYOL,Reaction[2],2Digest[1],16,-1,-1,NA,6/1/2015 13:11,6/1/2015 13:27
1506010904,6/1/2015 14:05,6/2/2015 6:31,24240,VORANOL 4240 POLYOL,Reaction[1],2Digest[1],16,-1,-1,NA,6/2/2015 5:38,6/2/2015 5:54
1506020132,6/2/2015 6:32,6/2/2015 22:51,24240,VORANOL 4240 POLYOL,Reaction[1],2Digest[1],16,-1,-1,NA,6/2/2015 22:00,6/2/2015 22:16
1506021752,6/2/2015 22:52,6/3/2015 15:12,24240,VORANOL 4240 POLYOL,Reaction[1],2Digest[1],16,-1,-1,NA,6/3/2015 14:19,6/3/2015 14:35
1506071052,6/7/2015 15:52,6/8/2015 8:32,24240,VORANOL 4240 POLYOL,Reaction[1],2Digest[1],15,-1,-1,NA,6/8/2015 7:39,6/8/2015 7:55
1506080333,6/8/2015 8:33,6/9/2015 0:56,24240,VORANOL 4240 POLYOL,Reaction[1],2Digest[1],16,-1,-1,NA,6/9/2015 0:03,6/9/2015 0:20
1506081957,6/9/2015 0:58,6/9/2015 17:22,24240,VORANOL 4240 POLYOL,Reaction[2],2Digest[1],15,-1,-1,NA,6/9/2015 16:29,6/9/2015 16:44
1506091224,6/9/2015 17:22,6/10/2015 9:45,24240,VORANOL 4240 POLYOL,Reaction[1],2Digest[1],16,-1,-1,NA,6/10/2015 8:51,6/10/2015 9:08
1506100446,6/10/2015 9:45,6/11/2015 5:58,24240,VORANOL 4240 POLYOL,Reaction[2],2Digest[1],16,-1,-1,NA,6/11/2015 5:02,6/11/2015 5:18
1506110059,6/11/2015 5:59,6/11/2015 22:18,24240,VORANOL 4240 POLYOL,Reaction[2],2Digest[1],16,-1,-1,NA,6/11/2015 21:27,6/11/2015 21:43
1506182059,6/19/2015 2:01,6/19/2015 18:26,24240,VORANOL 4240 POLYOL,Reaction[1],2Digest[1],16,-1,-1,NA,6/19/2015 17:36,6/19/2015 17:52
1506191327,6/19/2015 18:38,6/20/2015 10:51,24240,VORANOL 4240 POLYOL,Reaction[1],2Digest[1],16,-1,-1,NA,6/20/2015 10:01,6/20/2015 10:17
1506200552,6/20/2015 11:04,6/21/2015 3:46,24240,VORANOL 4240 POLYOL,Reaction[2],2Digest[1],16,-1,-1,NA,6/21/2015 2:53,6/21/2015 3:09
1506202247,6/21/2015 3:59,6/21/2015 20:14,24240,VORANOL 4240 POLYOL,Reaction[2],2Digest[1],16,-1,-1,NA,6/21/2015 19:22,6/21/2015 19:38
1506211515,6/21/2015 20:16,6/22/2015 12:43,24240,VORANOL 4240 POLYOL,Reaction[1],2Digest[1],16,-1,-1,NA,6/22/2015 11:50,6/22/2015 12:06
1506220744,6/22/2015 12:54,6/23/2015 5:08,24240,VORANOL 4240 POLYOL,Reaction[2],2Digest[1],16,-1,-1,NA,6/23/2015 4:15,6/23/2015 4:31
1506230009,6/23/2015 5:19,6/23/2015 21:32,24240,VORANOL 4240 POLYOL,Reaction[1],2Digest[1],16,-1,-1,NA,6/23/2015 20:41,6/23/2015 20:57
1506231633,6/23/2015 21:34,6/24/2015 13:56,24240,VORANOL 4240 POLYOL,Reaction[2],2Digest[1],16,-1,-1,NA,6/24/2015 13:04,6/24/2015 13:20
1506240857,6/24/2015 13:58,6/25/2015 6:18,24240,VORANOL 4240 POLYOL,Reaction[1],2Digest[1],15,-1,-1,NA,6/25/2015 5:26,6/25/2015 5:42
1506250119,6/25/2015 6:29,6/25/2015 22:42,24240,VORANOL 4240 POLYOL,Reaction[2],2Digest[1],15,-1,-1,NA,6/25/2015 21:50,6/25/2015 22:06
1507032122,7/4/2015 2:58,7/4/2015 19:24,24240,VORANOL 4240 POLYOL,Reaction[2],2Digest[1],16,-1,-1,NA,7/4/2015 18:32,7/4/2015 18:48
1507041425,7/4/2015 19:36,7/5/2015 11:50,24240,VORANOL 4240 POLYOL,Reaction[1],2Digest[1],16,-1,-1,NA,7/5/2015 10:57,7/5/2015 11:13
1507050651,7/5/2015 11:52,7/6/2015 4:13,24240,VORANOL 4240 POLYOL,Reaction[2],2Digest[1],16,-1,-1,NA,7/6/2015 3:21,7/6/2015 3:37
1507052314,7/6/2015 4:24,7/6/2015 21:15,24240,VORANOL 4240 POLYOL,Reaction[1],2Digest[1],16,-1,-1,NA,7/6/2015 20:22,7/6/2015 20:38
1507061616,7/6/2015 21:27,7/7/2015 13:53,24240,VORANOL 4240 POLYOL,Reaction[2],2Digest[1],16,-1,-1,NA,7/7/2015 13:01,7/7/2015 13:17
1507070854,7/7/2015 13:55,7/8/2015 6:29,24240,VORANOL 4240 POLYOL,Reaction[1],2Digest[1],16,-1,-1,NA,7/8/2015 5:37,7/8/2015 5:53
1507170947,7/17/2015 15:06,7/18/2015 8:31,24240,VORANOL 4240 POLYOL,Reaction[1],2Digest[1],15,0,0,OK,7/18/2015 6:53,7/18/2015 7:08
1507180332,7/18/2015 8:43,7/19/2015 3:03,24240,VORANOL 4240 POLYOL,Reaction[1],2Digest[1],14,0,0,OK,7/19/2015 2:10,7/19/2015 2:25
1507182204,7/19/2015 3:13,7/19/2015 20:21,24240,VORANOL 4240 POLYOL,Reaction[1],2Digest[1],16,0,0,OK,7/19/2015 19:29,7/19/2015 19:45
1507191522,7/19/2015 20:23,7/20/2015 13:02,24240,VORANOL 4240 POLYOL,Reaction[1],2Digest[1],14,0,0,OK,7/20/2015 12:10,7/20/2015 12:25
1507200803,7/20/2015 13:59,7/21/2015 7:11,24240,VORANOL 4240 POLYOL,Reaction[1],2Digest[1],15,0,0,OK,7/21/2015 6:20,7/21/2015 6:35
1507210212,7/21/2015 7:22,7/22/2015 0:18,24240,VORANOL 4240 POLYOL,Reaction[1],2Digest[1],15,0,0,OK,7/21/2015 23:27,7/21/2015 23:42
1507211919,7/22/2015 0:20,7/22/2015 17:00,24240,VORANOL 4240 POLYOL,Reaction[1],2Digest[1],15,0,0,OK,7/22/2015 16:11,7/22/2015 16:26
1507272011,7/28/2015 22:07,7/29/2015 14:44,24240,VORANOL 4240 POLYOL,Reaction[1],2Digest[1],15,0,0,OK,7/29/2015 13:51,7/29/2015 14:06
1507290945,7/29/2015 14:54,7/30/2015 7:41,24240,VORANOL 4240 POLYOL,Reaction[2],2Digest[1],14,0,0,OK,7/30/2015 6:49,7/30/2015 7:04
1507300242,7/30/2015 7:51,7/31/2015 0:42,24240,VORANOL 4240 POLYOL,Reaction[1],2Digest[1],15,0,0,OOC,7/30/2015 23:50,7/31/2015 0:05
1507301943,7/31/2015 0:52,7/31/2015 17:35,24240,VORANOL 4240 POLYOL,Reaction[1],2Digest[1],16,0,0,OOC,7/31/2015 16:42,7/31/2015 16:58
1507311236,7/31/2015 17:45,8/1/2015 12:17,24240,VORANOL 4240 POLYOL,Reaction[1],2Digest[1],15,0,0,OOC,8/1/2015 11:24,8/1/2015 11:39
1508010718,8/1/2015 12:28,8/2/2015 5:49,24240,VORANOL 4240 POLYOL,Reaction[1],2Digest[1],16,0,0,OOC,8/2/2015 4:57,8/2/2015 5:13
1508020050,8/2/2015 5:59,8/3/2015 1:41,24240,VORANOL 4240 POLYOL,Reaction[1],2Digest[1],15,0,0,OOC,8/3/2015 0:52,8/3/2015 1:07
1508022042,8/3/2015 2:21,8/3/2015 18:47,24240,VORANOL 4240 POLYOL,Reaction[1],2Digest[1],15,0,0,OOC,8/3/2015 17:58,8/3/2015 18:13
1508031348,8/3/2015 18:57,8/4/2015 14:09,24240,VORANOL 4240 POLYOL,Reaction[1],2Digest[1],15,0,0,OOC,8/4/2015 13:19,8/4/2015 13:35
1508071414,8/7/2015 19:18,8/8/2015 14:15,24240,VORANOL 4240 POLYOL,Reaction[1],2Digest[1],16,0,0,OOC,8/8/2015 13:22,8/8/2015 13:38
1508080916,8/8/2015 14:17,8/9/2015 6:50,24240,VORANOL 4240 POLYOL,Reaction[1],2Digest[1],16,0,0,OOC,8/9/2015 5:57,8/9/2015 6:13
1508090151,8/9/2015 7:01,8/9/2015 23:26,24240,VORANOL 4240 POLYOL,Reaction[1],2Digest[1],15,0,0,OOC,8/9/2015 22:37,8/9/2015 22:52
1508091827,8/9/2015 23:28,8/10/2015 16:15,24240,VORANOL 4240 POLYOL,Reaction[1],2Digest[1],15,0,0,OOC,8/10/2015 15:26,8/10/2015 15:41
1508101116,8/10/2015 17:19,8/11/2015 9:48,24240,VORANOL 4240 POLYOL,Reaction[1],2Digest[1],15,0,0,OOC,8/11/2015 8:56,8/11/2015 9:11
1508110449,8/11/2015 9:50,8/12/2015 2:42,24240,VORANOL 4240 POLYOL,Reaction[2],2Digest[1],14,0,0,OOC,8/12/2015 1:52,8/12/2015 2:07
1508112143,8/12/2015 3:01,8/12/2015 19:33,24240,VORANOL 4240 POLYOL,Reaction[2],2Digest[1],16,0,0,OOC,8/12/2015 18:40,8/12/2015 18:56
1508121434,8/12/2015 19:35,8/13/2015 12:09,24240,VORANOL 4240 POLYOL,Reaction[2],2Digest[1],15,0,0,OOC,8/13/2015 11:19,8/13/2015 11:35
1508130710,8/13/2015 12:28,8/14/2015 4:55,24240,VORANOL 4240 POLYOL,Reaction[2],2Digest[1],15,0,0,OOC,8/14/2015 4:04,8/14/2015 4:19
1508132356,8/14/2015 4:57,8/14/2015 21:37,24240,VORANOL 4240 POLYOL,Reaction[2],2Digest[1],16,0,0,OOC,8/14/2015 20:44,8/14/2015 21:00
1508170018,8/17/2015 5:49,8/17/2015 22:29,24240,VORANOL 4240 POLYOL,Reaction[2],2Digest[1],15,0,0,OOC,8/17/2015 21:37,8/17/2015 21:52
1508171730,8/17/2015 22:49,8/18/2015 17:57,24240,VORANOL 4240 POLYOL,Reaction[2],2Digest[1],15,0,0,OOC,8/18/2015 17:05,8/18/2015 17:20
1508181258,8/18/2015 18:12,8/19/2015 10:35,24240,VORANOL 4240 POLYOL,Reaction[2],2Digest[1],15,0,0,OOC,8/19/2015 9:46,8/19/2015 10:01
1508190536,8/19/2015 10:37,8/20/2015 3:06,24240,VORANOL 4240 POLYOL,Reaction[2],2Digest[1],15,0,0,OOC,8/20/2015 2:15,8/20/2015 2:30
1508192207,8/20/2015 3:20,8/20/2015 19:52,24240,VORANOL 4240 POLYOL,Reaction[2],2Digest[1],16,0,0,OOC,8/20/2015 18:51,8/20/2015 19:07
1508201453,8/20/2015 20:45,8/21/2015 14:26,24240,VORANOL 4240 POLYOL,Reaction[2],2Digest[1],14,0,0,OOC,8/21/2015 12:29,8/21/2015 12:44
1508210927,8/21/2015 14:53,8/22/2015 7:32,24240,VORANOL 4240 POLYOL,Reaction[2],2Digest[1],14,0,0,OOC,8/22/2015 6:40,8/22/2015 6:55
1508220233,8/22/2015 7:49,8/23/2015 0:05,24240,VORANOL 4240 POLYOL,Reaction[2],2Digest[1],16,0,0,OOC,8/22/2015 23:12,8/22/2015 23:28
1509100635,9/10/2015 11:55,9/12/2015 5:20,24240,VORANOL 4240 POLYOL,Reaction[2],2Digest[1],198,0,0,OOC,9/11/2015 22:24,9/12/2015 1:42
1509120021,9/13/2015 1:29,9/14/2015 11:25,24240,VORANOL 4240 POLYOL,Reaction[2],2Digest[1],16,0,0,OOC,9/14/2015 4:26,9/14/2015 4:42
1509140626,9/14/2015 11:27,9/15/2015 3:58,24240,VORANOL 4240 POLYOL,Reaction[2],2Digest[1],15,0,0,OOC,9/15/2015 3:05,9/15/2015 3:20
1509142259,9/15/2015 4:15,9/15/2015 20:28,24240,VORANOL 4240 POLYOL,Reaction[2],2Digest[1],16,0,0,OOC,9/15/2015 19:37,9/15/2015 19:53
1509151529,9/15/2015 20:47,9/16/2015 13:03,24240,VORANOL 4240 POLYOL,Reaction[2],2Digest[1],16,0,0,OOC,9/16/2015 12:09,9/16/2015 12:25
1509160804,9/16/2015 13:18,9/17/2015 5:34,24240,VORANOL 4240 POLYOL,Reaction[2],2Digest[1],15,0,0,OOC,9/17/2015 4:41,9/17/2015 4:56
1509190532,9/19/2015 20:05,9/20/2015 12:41,24240,VORANOL 4240 POLYOL,Reaction[2],2Digest[1],14,16,5,OK,9/20/2015 11:50,9/20/2015 12:05
1509200742,9/20/2015 13:01,9/21/2015 5:17,24240,VORANOL 4240 POLYOL,Reaction[2],2Digest[1],15,16,5,OK,9/21/2015 4:26,9/21/2015 4:41
1509210018,9/21/2015 5:34,9/21/2015 21:51,24240,VORANOL 4240 POLYOL,Reaction[2],2Digest[1],15,16,5,OK,9/21/2015 21:01,9/21/2015 21:16
1509211652,9/21/2015 22:09,9/22/2015 14:24,24240,VORANOL 4240 POLYOL,Reaction[2],2Digest[1],16,16,5,OK,9/22/2015 13:32,9/22/2015 13:48
1509220925,9/22/2015 14:44,9/23/2015 6:58,24240,VORANOL 4240 POLYOL,Reaction[2],2Digest[1],16,16,5,OK,9/23/2015 6:06,9/23/2015 6:22
1509230159,9/23/2015 7:12,9/23/2015 23:46,24240,VORANOL 4240 POLYOL,Reaction[2],2Digest[1],15,16,5,OK,9/23/2015 22:55,9/23/2015 23:10
1509231847,9/24/2015 0:03,9/24/2015 16:28,24240,VORANOL 4240 POLYOL,Reaction[2],2Digest[1],15,16,5,OK,9/24/2015 15:39,9/24/2015 15:54
1509291933,9/30/2015 7:19,10/2/2015 12:16,24240,VORANOL 4240 POLYOL,Reaction[2],2Digest[1],15,16,5,OK,10/1/2015 1:20,10/1/2015 1:36
1505311611,5/31/2015 21:11,6/1/2015 14:04,24240,VORANOL 4240 POLYOL,Reaction[2],2OxFeed[1],179,-1,-1,NA,6/1/2015 10:12,6/1/2015 13:11
1506010904,6/1/2015 14:05,6/2/2015 6:31,24240,VORANOL 4240 POLYOL,Reaction[1],2OxFeed[1],177,-1,-1,NA,6/2/2015 2:40,6/2/2015 5:38
1506020132,6/2/2015 6:32,6/2/2015 22:51,24240,VORANOL 4240 POLYOL,Reaction[1],2OxFeed[1],178,-1,-1,NA,6/2/2015 19:01,6/2/2015 22:00
1506021752,6/2/2015 22:52,6/3/2015 15:12,24240,VORANOL 4240 POLYOL,Reaction[1],2OxFeed[1],177,-1,-1,NA,6/3/2015 11:21,6/3/2015 14:19
1506071052,6/7/2015 15:52,6/8/2015 8:32,24240,VORANOL 4240 POLYOL,Reaction[1],2OxFeed[1],178,-1,-1,NA,6/8/2015 4:41,6/8/2015 7:39
1506080333,6/8/2015 8:33,6/9/2015 0:56,24240,VORANOL 4240 POLYOL,Reaction[1],2OxFeed[1],178,-1,-1,NA,6/8/2015 21:05,6/9/2015 0:03
1506081957,6/9/2015 0:58,6/9/2015 17:22,24240,VORANOL 4240 POLYOL,Reaction[2],2OxFeed[1],179,-1,-1,NA,6/9/2015 13:30,6/9/2015 16:29
1506091224,6/9/2015 17:22,6/10/2015 9:45,24240,VORANOL 4240 POLYOL,Reaction[1],2OxFeed[1],178,-1,-1,NA,6/10/2015 5:53,6/10/2015 8:51
1506100446,6/10/2015 9:45,6/11/2015 5:58,24240,VORANOL 4240 POLYOL,Reaction[2],2OxFeed[1],179,-1,-1,NA,6/11/2015 2:03,6/11/2015 5:02
1506110059,6/11/2015 5:59,6/11/2015 22:18,24240,VORANOL 4240 POLYOL,Reaction[2],2OxFeed[1],178,-1,-1,NA,6/11/2015 18:29,6/11/2015 21:27
1506182059,6/19/2015 2:01,6/19/2015 18:26,24240,VORANOL 4240 POLYOL,Reaction[1],2OxFeed[1],178,-1,-1,NA,6/19/2015 14:37,6/19/2015 17:36
1506191327,6/19/2015 18:38,6/20/2015 10:51,24240,VORANOL 4240 POLYOL,Reaction[1],2OxFeed[1],179,-1,-1,NA,6/20/2015 7:02,6/20/2015 10:01
1506200552,6/20/2015 11:04,6/21/2015 3:46,24240,VORANOL 4240 POLYOL,Reaction[2],2OxFeed[1],179,-1,-1,NA,6/20/2015 23:54,6/21/2015 2:53
1506202247,6/21/2015 3:59,6/21/2015 20:14,24240,VORANOL 4240 POLYOL,Reaction[2],2OxFeed[1],180,-1,-1,NA,6/21/2015 16:22,6/21/2015 19:22
1506211515,6/21/2015 20:16,6/22/2015 12:43,24240,VORANOL 4240 POLYOL,Reaction[1],2OxFeed[1],178,-1,-1,NA,6/22/2015 8:51,6/22/2015 11:50
1506220744,6/22/2015 12:54,6/23/2015 5:08,24240,VORANOL 4240 POLYOL,Reaction[2],2OxFeed[1],180,-1,-1,NA,6/23/2015 1:15,6/23/2015 4:15
1506230009,6/23/2015 5:19,6/23/2015 21:32,24240,VORANOL 4240 POLYOL,Reaction[1],2OxFeed[1],179,-1,-1,NA,6/23/2015 17:42,6/23/2015 20:41
1506231633,6/23/2015 21:34,6/24/2015 13:56,24240,VORANOL 4240 POLYOL,Reaction[2],2OxFeed[1],179,-1,-1,NA,6/24/2015 10:05,6/24/2015 13:04
1506240857,6/24/2015 13:58,6/25/2015 6:18,24240,VORANOL 4240 POLYOL,Reaction[1],2OxFeed[1],179,-1,-1,NA,6/25/2015 2:27,6/25/2015 5:26
1506250119,6/25/2015 6:29,6/25/2015 22:42,24240,VORANOL 4240 POLYOL,Reaction[2],2OxFeed[1],179,-1,-1,NA,6/25/2015 18:51,6/25/2015 21:50
1507032122,7/4/2015 2:58,7/4/2015 19:24,24240,VORANOL 4240 POLYOL,Reaction[2],2OxFeed[1],178,-1,-1,NA,7/4/2015 15:34,7/4/2015 18:32
1507041425,7/4/2015 19:36,7/5/2015 11:50,24240,VORANOL 4240 POLYOL,Reaction[1],2OxFeed[1],177,-1,-1,NA,7/5/2015 7:59,7/5/2015 10:57
1507050651,7/5/2015 11:52,7/6/2015 4:13,24240,VORANOL 4240 POLYOL,Reaction[2],2OxFeed[1],178,-1,-1,NA,7/6/2015 0:23,7/6/2015 3:21
1507052314,7/6/2015 4:24,7/6/2015 21:15,24240,VORANOL 4240 POLYOL,Reaction[1],2OxFeed[1],176,-1,-1,NA,7/6/2015 17:25,7/6/2015 20:22
1507061616,7/6/2015 21:27,7/7/2015 13:53,24240,VORANOL 4240 POLYOL,Reaction[2],2OxFeed[1],179,-1,-1,NA,7/7/2015 10:02,7/7/2015 13:01
1507070854,7/7/2015 13:55,7/8/2015 6:29,24240,VORANOL 4240 POLYOL,Reaction[1],2OxFeed[1],177,-1,-1,NA,7/8/2015 2:39,7/8/2015 5:37
1507170947,7/17/2015 15:06,7/18/2015 8:31,24240,VORANOL 4240 POLYOL,Reaction[1],2OxFeed[1],180,185,5,OK,7/18/2015 3:53,7/18/2015 6:53
1507180332,7/18/2015 8:43,7/19/2015 3:03,24240,VORANOL 4240 POLYOL,Reaction[1],2OxFeed[1],181,185,5,OK,7/18/2015 23:09,7/19/2015 2:10
1507182204,7/19/2015 3:13,7/19/2015 20:21,24240,VORANOL 4240 POLYOL,Reaction[1],2OxFeed[1],183,185,5,OK,7/19/2015 16:26,7/19/2015 19:29
1507191522,7/19/2015 20:23,7/20/2015 13:02,24240,VORANOL 4240 POLYOL,Reaction[1],2OxFeed[1],181,185,5,OK,7/20/2015 9:09,7/20/2015 12:10
1507200803,7/20/2015 13:59,7/21/2015 7:11,24240,VORANOL 4240 POLYOL,Reaction[1],2OxFeed[1],180,185,5,OK,7/21/2015 3:19,7/21/2015 6:20
1507210212,7/21/2015 7:22,7/22/2015 0:18,24240,VORANOL 4240 POLYOL,Reaction[1],2OxFeed[1],184,185,5,OK,7/21/2015 20:23,7/21/2015 23:27
1507211919,7/22/2015 0:20,7/22/2015 17:00,24240,VORANOL 4240 POLYOL,Reaction[1],2OxFeed[1],181,185,5,OK,7/22/2015 13:10,7/22/2015 16:11
1507272011,7/28/2015 22:07,7/29/2015 14:44,24240,VORANOL 4240 POLYOL,Reaction[1],2OxFeed[1],180,185,5,OK,7/29/2015 10:51,7/29/2015 13:51
1507290945,7/29/2015 14:54,7/30/2015 7:41,24240,VORANOL 4240 POLYOL,Reaction[2],2OxFeed[1],180,185,5,OK,7/30/2015 3:49,7/30/2015 6:49
1507300242,7/30/2015 7:51,7/31/2015 0:42,24240,VORANOL 4240 POLYOL,Reaction[1],2OxFeed[1],179,185,5,OK,7/30/2015 20:50,7/30/2015 23:50
1507301943,7/31/2015 0:52,7/31/2015 17:35,24240,VORANOL 4240 POLYOL,Reaction[1],2OxFeed[1],179,185,5,OK,7/31/2015 13:42,7/31/2015 16:42
1507311236,7/31/2015 17:45,8/1/2015 12:17,24240,VORANOL 4240 POLYOL,Reaction[1],2OxFeed[1],181,185,5,OK,8/1/2015 8:23,8/1/2015 11:24
1508010718,8/1/2015 12:28,8/2/2015 5:49,24240,VORANOL 4240 POLYOL,Reaction[1],2OxFeed[1],180,185,5,OK,8/2/2015 1:57,8/2/2015 4:57
1508020050,8/2/2015 5:59,8/3/2015 1:41,24240,VORANOL 4240 POLYOL,Reaction[1],2OxFeed[1],181,185,5,OK,8/2/2015 21:51,8/3/2015 0:52
1508022042,8/3/2015 2:21,8/3/2015 18:47,24240,VORANOL 4240 POLYOL,Reaction[1],2OxFeed[1],180,185,5,OK,8/3/2015 14:57,8/3/2015 17:58
1508031348,8/3/2015 18:57,8/4/2015 14:09,24240,VORANOL 4240 POLYOL,Reaction[1],2OxFeed[1],179,185,5,OK,8/4/2015 10:19,8/4/2015 13:19
1508071414,8/7/2015 19:18,8/8/2015 14:15,24240,VORANOL 4240 POLYOL,Reaction[1],2OxFeed[1],180,185,5,OK,8/8/2015 10:22,8/8/2015 13:22
1508080916,8/8/2015 14:17,8/9/2015 6:50,24240,VORANOL 4240 POLYOL,Reaction[1],2OxFeed[1],180,185,5,OK,8/9/2015 2:57,8/9/2015 5:57
1508090151,8/9/2015 7:01,8/9/2015 23:26,24240,VORANOL 4240 POLYOL,Reaction[1],2OxFeed[1],180,185,5,OK,8/9/2015 19:37,8/9/2015 22:37
1508091827,8/9/2015 23:28,8/10/2015 16:15,24240,VORANOL 4240 POLYOL,Reaction[1],2OxFeed[1],181,185,5,OK,8/10/2015 12:25,8/10/2015 15:26
1508101116,8/10/2015 17:19,8/11/2015 9:48,24240,VORANOL 4240 POLYOL,Reaction[1],2OxFeed[1],181,185,5,OK,8/11/2015 5:55,8/11/2015 8:56
1508110449,8/11/2015 9:50,8/12/2015 2:42,24240,VORANOL 4240 POLYOL,Reaction[2],2OxFeed[1],142,185,5,OK,8/11/2015 23:30,8/12/2015 1:52
1508112143,8/12/2015 3:01,8/12/2015 19:33,24240,VORANOL 4240 POLYOL,Reaction[2],2OxFeed[1],143,185,5,OK,8/12/2015 16:17,8/12/2015 18:40
1508121434,8/12/2015 19:35,8/13/2015 12:09,24240,VORANOL 4240 POLYOL,Reaction[2],2OxFeed[1],142,185,5,OK,8/13/2015 8:57,8/13/2015 11:19
1508130710,8/13/2015 12:28,8/14/2015 4:55,24240,VORANOL 4240 POLYOL,Reaction[2],2OxFeed[1],143,185,5,OK,8/14/2015 1:41,8/14/2015 4:04
1508132356,8/14/2015 4:57,8/14/2015 21:37,24240,VORANOL 4240 POLYOL,Reaction[2],2OxFeed[1],141,185,5,OK,8/14/2015 18:22,8/14/2015 20:44
1508170018,8/17/2015 5:49,8/17/2015 22:29,24240,VORANOL 4240 POLYOL,Reaction[2],2OxFeed[1],142,185,5,OK,8/17/2015 19:15,8/17/2015 21:37
1508171730,8/17/2015 22:49,8/18/2015 17:57,24240,VORANOL 4240 POLYOL,Reaction[2],2OxFeed[1],301,185,5,OOC,8/18/2015 12:04,8/18/2015 17:05
1508181258,8/18/2015 18:12,8/19/2015 10:35,24240,VORANOL 4240 POLYOL,Reaction[2],2OxFeed[1],143,185,5,OK,8/19/2015 7:23,8/19/2015 9:46
1508190536,8/19/2015 10:37,8/20/2015 3:06,24240,VORANOL 4240 POLYOL,Reaction[2],2OxFeed[1],142,185,5,OK,8/19/2015 23:53,8/20/2015 2:15
1508192207,8/20/2015 3:20,8/20/2015 19:52,24240,VORANOL 4240 POLYOL,Reaction[2],2OxFeed[1],142,185,5,OK,8/20/2015 16:29,8/20/2015 18:51
1508201453,8/20/2015 20:45,8/21/2015 14:26,24240,VORANOL 4240 POLYOL,Reaction[2],2OxFeed[1],142,185,5,OK,8/21/2015 10:07,8/21/2015 12:29
1508210927,8/21/2015 14:53,8/22/2015 7:32,24240,VORANOL 4240 POLYOL,Reaction[2],2OxFeed[1],142,185,5,OK,8/22/2015 4:18,8/22/2015 6:40
1508220233,8/22/2015 7:49,8/23/2015 0:05,24240,VORANOL 4240 POLYOL,Reaction[2],2OxFeed[1],141,185,5,OK,8/22/2015 20:50,8/22/2015 23:12
1509100635,9/10/2015 11:55,9/12/2015 5:20,24240,VORANOL 4240 POLYOL,Reaction[2],2OxFeed[1],1263,185,5,OOC,9/11/2015 1:20,9/11/2015 22:24
1509120021,9/13/2015 1:29,9/14/2015 11:25,24240,VORANOL 4240 POLYOL,Reaction[2],2OxFeed[1],142,185,5,OK,9/14/2015 2:04,9/14/2015 4:26
1509140626,9/14/2015 11:27,9/15/2015 3:58,24240,VORANOL 4240 POLYOL,Reaction[2],2OxFeed[1],143,185,5,OK,9/15/2015 0:42,9/15/2015 3:05
1509142259,9/15/2015 4:15,9/15/2015 20:28,24240,VORANOL 4240 POLYOL,Reaction[2],2OxFeed[1],142,185,5,OK,9/15/2015 17:15,9/15/2015 19:37
1509151529,9/15/2015 20:47,9/16/2015 13:03,24240,VORANOL 4240 POLYOL,Reaction[2],2OxFeed[1],142,185,5,OK,9/16/2015 9:47,9/16/2015 12:09
1509160804,9/16/2015 13:18,9/17/2015 5:34,24240,VORANOL 4240 POLYOL,Reaction[2],2OxFeed[1],143,185,5,OK,9/17/2015 2:18,9/17/2015 4:41
1509190532,9/19/2015 20:05,9/20/2015 12:41,24240,VORANOL 4240 POLYOL,Reaction[2],2OxFeed[1],146,185,5,OK,9/20/2015 9:24,9/20/2015 11:50
1509200742,9/20/2015 13:01,9/21/2015 5:17,24240,VORANOL 4240 POLYOL,Reaction[2],2OxFeed[1],142,185,5,OK,9/21/2015 2:04,9/21/2015 4:26
1509210018,9/21/2015 5:34,9/21/2015 21:51,24240,VORANOL 4240 POLYOL,Reaction[2],2OxFeed[1],143,185,5,OK,9/21/2015 18:38,9/21/2015 21:01
1509211652,9/21/2015 22:09,9/22/2015 14:24,24240,VORANOL 4240 POLYOL,Reaction[2],2OxFeed[1],141,185,5,OK,9/22/2015 11:10,9/22/2015 13:32
1509220925,9/22/2015 14:44,9/23/2015 6:58,24240,VORANOL 4240 POLYOL,Reaction[2],2OxFeed[1],142,185,5,OK,9/23/2015 3:44,9/23/2015 6:06
1509230159,9/23/2015 7:12,9/23/2015 23:46,24240,VORANOL 4240 POLYOL,Reaction[2],2OxFeed[1],143,185,5,OK,9/23/2015 20:32,9/23/2015 22:55
1509231847,9/24/2015 0:03,9/24/2015 16:28,24240,VORANOL 4240 POLYOL,Reaction[2],2OxFeed[1],143,185,5,OK,9/24/2015 13:16,9/24/2015 15:39
1509291933,9/30/2015 7:19,10/2/2015 12:16,24240,VORANOL 4240 POLYOL,Reaction[2],2OxFeed[1],142,185,5,OK,9/30/2015 22:58,10/1/2015 1:20
1506211515,6/21/2015 20:16,6/22/2015 12:43,24240,VORANOL 4240 POLYOL,Reaction[1],2OxFeed[2],0,-1,-1,NA,6/22/2015 12:06,6/22/2015 12:06
1506220744,6/22/2015 12:54,6/23/2015 5:08,24240,VORANOL 4240 POLYOL,Reaction[2],2OxFeed[2],1,-1,-1,NA,6/23/2015 4:31,6/23/2015 4:32
1505311611,5/31/2015 21:11,6/1/2015 14:04,24240,VORANOL 4240 POLYOL,PreReaction[2],CatAdd[1],1,-1,-1,NA,6/1/2015 10:11,6/1/2015 10:12
1506081957,6/9/2015 0:58,6/9/2015 17:22,24240,VORANOL 4240 POLYOL,PreReaction[2],CatAdd[1],1,-1,-1,NA,6/9/2015 13:28,6/9/2015 13:30
1506100446,6/10/2015 9:45,6/11/2015 5:58,24240,VORANOL 4240 POLYOL,PreReaction[2],CatAdd[1],1,-1,-1,NA,6/11/2015 2:02,6/11/2015 2:03
1506110059,6/11/2015 5:59,6/11/2015 22:18,24240,VORANOL 4240 POLYOL,PreReaction[2],CatAdd[1],1,-1,-1,NA,6/11/2015 18:27,6/11/2015 18:29
1506231633,6/23/2015 21:34,6/24/2015 13:56,24240,VORANOL 4240 POLYOL,PreReaction[2],CatAdd[1],0,-1,-1,NA,6/24/2015 10:04,6/24/2015 10:05
1506250119,6/25/2015 6:29,6/25/2015 22:42,24240,VORANOL 4240 POLYOL,PreReaction[2],CatAdd[1],1,-1,-1,NA,6/25/2015 18:50,6/25/2015 18:51
1507032122,7/4/2015 2:58,7/4/2015 19:24,24240,VORANOL 4240 POLYOL,PreReaction[2],CatAdd[1],1,-1,-1,NA,7/4/2015 15:33,7/4/2015 15:34
1507050651,7/5/2015 11:52,7/6/2015 4:13,24240,VORANOL 4240 POLYOL,PreReaction[2],CatAdd[1],1,-1,-1,NA,7/6/2015 0:22,7/6/2015 0:23
1507061616,7/6/2015 21:27,7/7/2015 13:53,24240,VORANOL 4240 POLYOL,PreReaction[2],CatAdd[1],1,-1,-1,NA,7/7/2015 10:01,7/7/2015 10:02
1507290945,7/29/2015 14:54,7/30/2015 7:41,24240,VORANOL 4240 POLYOL,PreReaction[2],CatAdd[1],1,1,5,OK,7/30/2015 3:48,7/30/2015 3:49
1508110449,8/11/2015 9:50,8/12/2015 2:42,24240,VORANOL 4240 POLYOL,PreReaction[2],CatAdd[1],44,1,5,OOC,8/11/2015 22:46,8/11/2015 23:30
1508112143,8/12/2015 3:01,8/12/2015 19:33,24240,VORANOL 4240 POLYOL,PreReaction[2],CatAdd[1],43,1,5,OOC,8/12/2015 15:34,8/12/2015 16:17
1508121434,8/12/2015 19:35,8/13/2015 12:09,24240,VORANOL 4240 POLYOL,PreReaction[2],CatAdd[1],44,1,5,OOC,8/13/2015 8:13,8/13/2015 8:57
1508130710,8/13/2015 12:28,8/14/2015 4:55,24240,VORANOL 4240 POLYOL,PreReaction[2],CatAdd[1],43,1,5,OOC,8/14/2015 0:58,8/14/2015 1:41
1508132356,8/14/2015 4:57,8/14/2015 21:37,24240,VORANOL 4240 POLYOL,PreReaction[2],CatAdd[1],44,1,5,OOC,8/14/2015 17:38,8/14/2015 18:22
1508170018,8/17/2015 5:49,8/17/2015 22:29,24240,VORANOL 4240 POLYOL,PreReaction[2],CatAdd[1],44,1,5,OOC,8/17/2015 18:31,8/17/2015 19:15
1508171730,8/17/2015 22:49,8/18/2015 17:57,24240,VORANOL 4240 POLYOL,PreReaction[2],CatAdd[1],43,1,5,OOC,8/18/2015 11:21,8/18/2015 12:04
1508181258,8/18/2015 18:12,8/19/2015 10:35,24240,VORANOL 4240 POLYOL,PreReaction[2],CatAdd[1],43,1,5,OOC,8/19/2015 6:40,8/19/2015 7:23
1508190536,8/19/2015 10:37,8/20/2015 3:06,24240,VORANOL 4240 POLYOL,PreReaction[2],CatAdd[1],44,1,5,OOC,8/19/2015 23:09,8/19/2015 23:53
1508192207,8/20/2015 3:20,8/20/2015 19:52,24240,VORANOL 4240 POLYOL,PreReaction[2],CatAdd[1],42,1,5,OOC,8/20/2015 15:47,8/20/2015 16:29
1508201453,8/20/2015 20:45,8/21/2015 14:26,24240,VORANOL 4240 POLYOL,PreReaction[2],CatAdd[1],43,1,5,OOC,8/21/2015 9:24,8/21/2015 10:07
1508210927,8/21/2015 14:53,8/22/2015 7:32,24240,VORANOL 4240 POLYOL,PreReaction[2],CatAdd[1],44,1,5,OOC,8/22/2015 3:34,8/22/2015 4:18
1508220233,8/22/2015 7:49,8/23/2015 0:05,24240,VORANOL 4240 POLYOL,PreReaction[2],CatAdd[1],44,1,5,OOC,8/22/2015 20:06,8/22/2015 20:50
1509100635,9/10/2015 11:55,9/12/2015 5:20,24240,VORANOL 4240 POLYOL,PreReaction[2],CatAdd[1],42,1,5,OOC,9/11/2015 0:38,9/11/2015 1:20
1509120021,9/13/2015 1:29,9/14/2015 11:25,24240,VORANOL 4240 POLYOL,PreReaction[2],CatAdd[1],43,1,5,OOC,9/14/2015 1:21,9/14/2015 2:04
1509140626,9/14/2015 11:27,9/15/2015 3:58,24240,VORANOL 4240 POLYOL,PreReaction[2],CatAdd[1],43,1,5,OOC,9/14/2015 23:59,9/15/2015 0:42
1509142259,9/15/2015 4:15,9/15/2015 20:28,24240,VORANOL 4240 POLYOL,PreReaction[2],CatAdd[1],43,1,5,OOC,9/15/2015 16:32,9/15/2015 17:15
1509151529,9/15/2015 20:47,9/16/2015 13:03,24240,VORANOL 4240 POLYOL,PreReaction[2],CatAdd[1],43,1,5,OOC,9/16/2015 9:04,9/16/2015 9:47
1509160804,9/16/2015 13:18,9/17/2015 5:34,24240,VORANOL 4240 POLYOL,PreReaction[2],CatAdd[1],43,1,5,OOC,9/17/2015 1:35,9/17/2015 2:18
1509190532,9/19/2015 20:05,9/20/2015 12:41,24240,VORANOL 4240 POLYOL,PreReaction[2],CatAdd[1],43,1,5,OOC,9/20/2015 8:41,9/20/2015 9:24
1509200742,9/20/2015 13:01,9/21/2015 5:17,24240,VORANOL 4240 POLYOL,PreReaction[2],CatAdd[1],43,1,5,OOC,9/21/2015 1:21,9/21/2015 2:04
1509210018,9/21/2015 5:34,9/21/2015 21:51,24240,VORANOL 4240 POLYOL,PreReaction[2],CatAdd[1],43,1,5,OOC,9/21/2015 17:55,9/21/2015 18:38
1509211652,9/21/2015 22:09,9/22/2015 14:24,24240,VORANOL 4240 POLYOL,PreReaction[2],CatAdd[1],43,1,5,OOC,9/22/2015 10:27,9/22/2015 11:10
1509220925,9/22/2015 14:44,9/23/2015 6:58,24240,VORANOL 4240 POLYOL,PreReaction[2],CatAdd[1],42,1,5,OOC,9/23/2015 3:01,9/23/2015 3:44
1509230159,9/23/2015 7:12,9/23/2015 23:46,24240,VORANOL 4240 POLYOL,PreReaction[2],CatAdd[1],42,1,5,OOC,9/23/2015 19:49,9/23/2015 20:32
1509231847,9/24/2015 0:03,9/24/2015 16:28,24240,VORANOL 4240 POLYOL,PreReaction[2],CatAdd[1],43,1,5,OOC,9/24/2015 12:33,9/24/2015 13:16
1509291933,9/30/2015 7:19,10/2/2015 12:16,24240,VORANOL 4240 POLYOL,PreReaction[2],CatAdd[1],41,1,5,OOC,9/30/2015 22:16,9/30/2015 22:58
1505311611,5/31/2015 21:11,6/1/2015 14:04,24240,VORANOL 4240 POLYOL,Empty[1],Clear[1],5,-1,-1,NA,6/1/2015 13:58,6/1/2015 14:03
1506010904,6/1/2015 14:05,6/2/2015 6:31,24240,VORANOL 4240 POLYOL,Empty[1],Clear[1],6,-1,-1,NA,6/2/2015 6:25,6/2/2015 6:31
1506020132,6/2/2015 6:32,6/2/2015 22:51,24240,VORANOL 4240 POLYOL,Empty[1],Clear[1],6,-1,-1,NA,6/2/2015 22:45,6/2/2015 22:51
1506021752,6/2/2015 22:52,6/3/2015 15:12,24240,VORANOL 4240 POLYOL,Empty[1],Clear[1],6,-1,-1,NA,6/3/2015 15:06,6/3/2015 15:12
1506071052,6/7/2015 15:52,6/8/2015 8:32,24240,VORANOL 4240 POLYOL,Empty[1],Clear[1],6,-1,-1,NA,6/8/2015 8:25,6/8/2015 8:32
1506080333,6/8/2015 8:33,6/9/2015 0:56,24240,VORANOL 4240 POLYOL,Empty[1],Clear[1],6,-1,-1,NA,6/9/2015 0:49,6/9/2015 0:56
1506081957,6/9/2015 0:58,6/9/2015 17:22,24240,VORANOL 4240 POLYOL,Empty[1],Clear[1],7,-1,-1,NA,6/9/2015 17:14,6/9/2015 17:22
1506091224,6/9/2015 17:22,6/10/2015 9:45,24240,VORANOL 4240 POLYOL,Empty[1],Clear[1],8,-1,-1,NA,6/10/2015 9:37,6/10/2015 9:45
1506100446,6/10/2015 9:45,6/11/2015 5:58,24240,VORANOL 4240 POLYOL,Empty[1],Clear[1],7,-1,-1,NA,6/11/2015 5:51,6/11/2015 5:58
1506110059,6/11/2015 5:59,6/11/2015 22:18,24240,VORANOL 4240 POLYOL,Empty[1],Clear[1],4,-1,-1,NA,6/11/2015 22:14,6/11/2015 22:18
1506182059,6/19/2015 2:01,6/19/2015 18:26,24240,VORANOL 4240 POLYOL,Empty[1],Clear[1],4,-1,-1,NA,6/19/2015 18:22,6/19/2015 18:26
1506191327,6/19/2015 18:38,6/20/2015 10:51,24240,VORANOL 4240 POLYOL,Empty[1],Clear[1],0,-1,-1,NA,6/19/2015 18:38,6/19/2015 18:38
1506191327,6/19/2015 18:38,6/20/2015 10:51,24240,VORANOL 4240 POLYOL,Empty[2],Clear[1],4,-1,-1,NA,6/20/2015 10:47,6/20/2015 10:51
1506200552,6/20/2015 11:04,6/21/2015 3:46,24240,VORANOL 4240 POLYOL,Empty[1],Clear[1],8,-1,-1,NA,6/21/2015 3:38,6/21/2015 3:46
1506202247,6/21/2015 3:59,6/21/2015 20:14,24240,VORANOL 4240 POLYOL,Empty[1],Clear[1],6,-1,-1,NA,6/21/2015 20:08,6/21/2015 20:14
1506211515,6/21/2015 20:16,6/22/2015 12:43,24240,VORANOL 4240 POLYOL,Empty[1],Clear[1],7,-1,-1,NA,6/22/2015 12:36,6/22/2015 12:43
1506220744,6/22/2015 12:54,6/23/2015 5:08,24240,VORANOL 4240 POLYOL,Empty[1],Clear[1],6,-1,-1,NA,6/23/2015 5:02,6/23/2015 5:08
1506230009,6/23/2015 5:19,6/23/2015 21:32,24240,VORANOL 4240 POLYOL,Empty[1],Clear[1],0,-1,-1,NA,6/23/2015 5:19,6/23/2015 5:19
1506230009,6/23/2015 5:19,6/23/2015 21:32,24240,VORANOL 4240 POLYOL,Empty[2],Clear[1],5,-1,-1,NA,6/23/2015 21:27,6/23/2015 21:32
1506231633,6/23/2015 21:34,6/24/2015 13:56,24240,VORANOL 4240 POLYOL,Empty[1],Clear[1],6,-1,-1,NA,6/24/2015 13:50,6/24/2015 13:56
1506240857,6/24/2015 13:58,6/25/2015 6:18,24240,VORANOL 4240 POLYOL,Empty[1],Clear[1],6,-1,-1,NA,6/25/2015 6:12,6/25/2015 6:18
1506250119,6/25/2015 6:29,6/25/2015 22:42,24240,VORANOL 4240 POLYOL,Empty[1],Clear[1],6,-1,-1,NA,6/25/2015 22:36,6/25/2015 22:42
1507032122,7/4/2015 2:58,7/4/2015 19:24,24240,VORANOL 4240 POLYOL,Empty[1],Clear[1],6,-1,-1,NA,7/4/2015 19:18,7/4/2015 19:24
1507041425,7/4/2015 19:36,7/5/2015 11:50,24240,VORANOL 4240 POLYOL,Empty[1],Clear[1],7,-1,-1,NA,7/5/2015 11:43,7/5/2015 11:50
1507050651,7/5/2015 11:52,7/6/2015 4:13,24240,VORANOL 4240 POLYOL,Empty[1],Clear[1],6,-1,-1,NA,7/6/2015 4:07,7/6/2015 4:13
1507052314,7/6/2015 4:24,7/6/2015 21:15,24240,VORANOL 4240 POLYOL,Empty[1],Clear[1],7,-1,-1,NA,7/6/2015 21:08,7/6/2015 21:15
1507061616,7/6/2015 21:27,7/7/2015 13:53,24240,VORANOL 4240 POLYOL,Empty[1],Clear[1],6,-1,-1,NA,7/7/2015 13:47,7/7/2015 13:53
1507070854,7/7/2015 13:55,7/8/2015 6:29,24240,VORANOL 4240 POLYOL,Empty[1],Clear[1],6,-1,-1,NA,7/8/2015 6:23,7/8/2015 6:29
1507170947,7/17/2015 15:06,7/18/2015 8:31,24240,VORANOL 4240 POLYOL,Empty[1],Clear[1],5,10,5,OK,7/18/2015 8:26,7/18/2015 8:31
1507180332,7/18/2015 8:43,7/19/2015 3:03,24240,VORANOL 4240 POLYOL,Empty[1],Clear[1],7,10,5,OK,7/19/2015 2:56,7/19/2015 3:03
1507182204,7/19/2015 3:13,7/19/2015 20:21,24240,VORANOL 4240 POLYOL,Empty[1],Clear[1],5,10,5,OK,7/19/2015 20:16,7/19/2015 20:21
1507191522,7/19/2015 20:23,7/20/2015 13:02,24240,VORANOL 4240 POLYOL,Empty[1],Clear[1],6,10,5,OK,7/20/2015 12:56,7/20/2015 13:02
1507200803,7/20/2015 13:59,7/21/2015 7:11,24240,VORANOL 4240 POLYOL,Empty[1],Clear[1],5,10,5,OK,7/21/2015 7:06,7/21/2015 7:11
1507210212,7/21/2015 7:22,7/22/2015 0:18,24240,VORANOL 4240 POLYOL,Empty[1],Clear[1],6,10,5,OK,7/22/2015 0:12,7/22/2015 0:18
1507211919,7/22/2015 0:20,7/22/2015 17:00,24240,VORANOL 4240 POLYOL,Empty[1],Clear[1],4,10,5,OK,7/22/2015 16:56,7/22/2015 17:00
1507272011,7/28/2015 22:07,7/29/2015 14:44,24240,VORANOL 4240 POLYOL,Empty[1],Clear[1],7,10,5,OK,7/29/2015 14:37,7/29/2015 14:44
1507290945,7/29/2015 14:54,7/30/2015 7:41,24240,VORANOL 4240 POLYOL,Empty[1],Clear[1],6,10,5,OK,7/30/2015 7:35,7/30/2015 7:41
1507300242,7/30/2015 7:51,7/31/2015 0:42,24240,VORANOL 4240 POLYOL,Empty[1],Clear[1],6,10,5,OK,7/31/2015 0:36,7/31/2015 0:42
1507301943,7/31/2015 0:52,7/31/2015 17:35,24240,VORANOL 4240 POLYOL,Empty[1],Clear[1],6,10,5,OK,7/31/2015 17:29,7/31/2015 17:35
1507311236,7/31/2015 17:45,8/1/2015 12:17,24240,VORANOL 4240 POLYOL,Empty[1],Clear[1],7,10,5,OK,8/1/2015 12:10,8/1/2015 12:17
1508010718,8/1/2015 12:28,8/2/2015 5:49,24240,VORANOL 4240 POLYOL,Empty[1],Clear[1],6,10,5,OK,8/2/2015 5:43,8/2/2015 5:49
1508020050,8/2/2015 5:59,8/3/2015 1:41,24240,VORANOL 4240 POLYOL,Empty[1],Clear[1],4,10,5,OK,8/3/2015 1:37,8/3/2015 1:41
1508022042,8/3/2015 2:21,8/3/2015 18:47,24240,VORANOL 4240 POLYOL,Empty[1],Clear[1],4,10,5,OK,8/3/2015 18:43,8/3/2015 18:47
1508031348,8/3/2015 18:57,8/4/2015 14:09,24240,VORANOL 4240 POLYOL,Empty[1],Clear[1],4,10,5,OK,8/4/2015 14:05,8/4/2015 14:09
1508071414,8/7/2015 19:18,8/8/2015 14:15,24240,VORANOL 4240 POLYOL,Empty[1],Clear[1],6,10,5,OK,8/8/2015 14:09,8/8/2015 14:15
1508080916,8/8/2015 14:17,8/9/2015 6:50,24240,VORANOL 4240 POLYOL,Empty[1],Clear[1],7,10,5,OK,8/9/2015 6:43,8/9/2015 6:50
1508090151,8/9/2015 7:01,8/9/2015 23:26,24240,VORANOL 4240 POLYOL,Empty[1],Clear[1],4,10,5,OK,8/9/2015 23:22,8/9/2015 23:26
1508091827,8/9/2015 23:28,8/10/2015 16:15,24240,VORANOL 4240 POLYOL,Empty[1],Clear[1],4,10,5,OK,8/10/2015 16:11,8/10/2015 16:15
1508101116,8/10/2015 17:19,8/11/2015 9:48,24240,VORANOL 4240 POLYOL,Empty[1],Clear[1],7,10,5,OK,8/11/2015 9:41,8/11/2015 9:48
1508110449,8/11/2015 9:50,8/12/2015 2:42,24240,VORANOL 4240 POLYOL,Empty[1],Clear[1],4,10,5,OK,8/12/2015 2:38,8/12/2015 2:42
1508112143,8/12/2015 3:01,8/12/2015 19:33,24240,VORANOL 4240 POLYOL,Empty[1],Clear[1],7,10,5,OK,8/12/2015 19:26,8/12/2015 19:33
1508121434,8/12/2015 19:35,8/13/2015 12:09,24240,VORANOL 4240 POLYOL,Empty[1],Clear[1],3,10,5,OK,8/13/2015 12:06,8/13/2015 12:09
1508130710,8/13/2015 12:28,8/14/2015 4:55,24240,VORANOL 4240 POLYOL,Empty[1],Clear[1],6,10,5,OK,8/14/2015 4:49,8/14/2015 4:55
1508132356,8/14/2015 4:57,8/14/2015 21:37,24240,VORANOL 4240 POLYOL,Empty[1],Clear[1],7,10,5,OK,8/14/2015 21:30,8/14/2015 21:37
1508170018,8/17/2015 5:49,8/17/2015 22:29,24240,VORANOL 4240 POLYOL,Empty[1],Clear[1],7,10,5,OK,8/17/2015 22:22,8/17/2015 22:29
1508171730,8/17/2015 22:49,8/18/2015 17:57,24240,VORANOL 4240 POLYOL,Empty[1],Clear[1],6,10,5,OK,8/18/2015 17:51,8/18/2015 17:57
1508181258,8/18/2015 18:12,8/19/2015 10:35,24240,VORANOL 4240 POLYOL,Empty[1],Clear[1],4,10,5,OK,8/19/2015 10:31,8/19/2015 10:35
1508190536,8/19/2015 10:37,8/20/2015 3:06,24240,VORANOL 4240 POLYOL,Empty[1],Clear[1],7,10,5,OK,8/20/2015 2:59,8/20/2015 3:06
1508192207,8/20/2015 3:20,8/20/2015 19:52,24240,VORANOL 4240 POLYOL,Empty[1],Clear[1],4,10,5,OK,8/20/2015 19:48,8/20/2015 19:52
1508201453,8/20/2015 20:45,8/21/2015 14:26,24240,VORANOL 4240 POLYOL,Empty[1],Clear[1],7,10,5,OK,8/21/2015 14:19,8/21/2015 14:26
1508210927,8/21/2015 14:53,8/22/2015 7:32,24240,VORANOL 4240 POLYOL,Empty[1],Clear[1],8,10,5,OK,8/22/2015 7:24,8/22/2015 7:32
1508220233,8/22/2015 7:49,8/23/2015 0:05,24240,VORANOL 4240 POLYOL,Empty[1],Clear[1],7,10,5,OK,8/22/2015 23:58,8/23/2015 0:05
1509100635,9/10/2015 11:55,9/12/2015 5:20,24240,VORANOL 4240 POLYOL,Empty[1],Clear[1],8,10,5,OK,9/12/2015 5:12,9/12/2015 5:20
1509120021,9/13/2015 1:29,9/14/2015 11:25,24240,VORANOL 4240 POLYOL,Empty[1],Clear[1],4,10,5,OK,9/14/2015 11:21,9/14/2015 11:25
1509140626,9/14/2015 11:27,9/15/2015 3:58,24240,VORANOL 4240 POLYOL,Empty[1],Clear[1],9,10,5,OK,9/15/2015 3:49,9/15/2015 3:58
1509142259,9/15/2015 4:15,9/15/2015 20:28,24240,VORANOL 4240 POLYOL,Empty[1],Clear[1],6,10,5,OK,9/15/2015 20:22,9/15/2015 20:28
1509151529,9/15/2015 20:47,9/16/2015 13:03,24240,VORANOL 4240 POLYOL,Empty[1],Clear[1],8,10,5,OK,9/16/2015 12:55,9/16/2015 13:03
1509160804,9/16/2015 13:18,9/17/2015 5:34,24240,VORANOL 4240 POLYOL,Empty[1],Clear[1],8,10,5,OK,9/17/2015 5:26,9/17/2015 5:34
1509190532,9/19/2015 20:05,9/20/2015 12:41,24240,VORANOL 4240 POLYOL,Empty[1],Clear[1],7,10,5,OK,9/20/2015 12:34,9/20/2015 12:41
1509200742,9/20/2015 13:01,9/21/2015 5:17,24240,VORANOL 4240 POLYOL,Empty[1],Clear[1],7,10,5,OK,9/21/2015 5:10,9/21/2015 5:17
1509210018,9/21/2015 5:34,9/21/2015 21:51,24240,VORANOL 4240 POLYOL,Empty[1],Clear[1],6,10,5,OK,9/21/2015 21:45,9/21/2015 21:51
1509211652,9/21/2015 22:09,9/22/2015 14:24,24240,VORANOL 4240 POLYOL,Empty[1],Clear[1],6,10,5,OK,9/22/2015 14:18,9/22/2015 14:24
1509220925,9/22/2015 14:44,9/23/2015 6:58,24240,VORANOL 4240 POLYOL,Empty[1],Clear[1],6,10,5,OK,9/23/2015 6:52,9/23/2015 6:58
1509230159,9/23/2015 7:12,9/23/2015 23:46,24240,VORANOL 4240 POLYOL,Empty[1],Clear[1],6,10,5,OK,9/23/2015 23:40,9/23/2015 23:46
1509231847,9/24/2015 0:03,9/24/2015 16:28,24240,VORANOL 4240 POLYOL,Empty[1],Clear[1],4,10,5,OK,9/24/2015 16:24,9/24/2015 16:28
1509291933,9/30/2015 7:19,10/2/2015 12:16,24240,VORANOL 4240 POLYOL,Empty[1],Clear[1],3,10,5,OK,10/2/2015 12:13,10/2/2015 12:16
1506010904,6/1/2015 14:05,6/2/2015 6:31,24240,VORANOL 4240 POLYOL,Down[1],ProcessWait[1],1,-1,-1,NA,6/1/2015 14:03,6/1/2015 14:05
1506071052,6/7/2015 15:52,6/8/2015 8:32,24240,VORANOL 4240 POLYOL,Down[1],ProcessWait[1],20,-1,-1,NA,6/7/2015 15:51,6/7/2015 16:11
1506081957,6/9/2015 0:58,6/9/2015 17:22,24240,VORANOL 4240 POLYOL,Down[1],ProcessWait[1],1,-1,-1,NA,6/9/2015 0:56,6/9/2015 0:58
1506182059,6/19/2015 2:01,6/19/2015 18:26,24240,VORANOL 4240 POLYOL,Down[1],ProcessWait[1],2,-1,-1,NA,6/19/2015 1:59,6/19/2015 2:01
1506211515,6/21/2015 20:16,6/22/2015 12:43,24240,VORANOL 4240 POLYOL,Down[1],ProcessWait[1],1,-1,-1,NA,6/21/2015 20:15,6/21/2015 20:16
1506231633,6/23/2015 21:34,6/24/2015 13:56,24240,VORANOL 4240 POLYOL,Down[1],ProcessWait[1],0,-1,-1,NA,6/23/2015 21:33,6/23/2015 21:34
1506240857,6/24/2015 13:58,6/25/2015 6:18,24240,VORANOL 4240 POLYOL,Down[1],ProcessWait[1],1,-1,-1,NA,6/24/2015 13:57,6/24/2015 13:58
1507032122,7/4/2015 2:58,7/4/2015 19:24,24240,VORANOL 4240 POLYOL,Down[1],ProcessWait[1],36,-1,-1,NA,7/4/2015 2:22,7/4/2015 2:58
1507050651,7/5/2015 11:52,7/6/2015 4:13,24240,VORANOL 4240 POLYOL,Down[1],ProcessWait[1],1,-1,-1,NA,7/5/2015 11:51,7/5/2015 11:52
1507061616,7/6/2015 21:27,7/7/2015 13:53,24240,VORANOL 4240 POLYOL,Down[1],ProcessWait[1],10,-1,-1,NA,7/6/2015 21:16,7/6/2015 21:27
1507070854,7/7/2015 13:55,7/8/2015 6:29,24240,VORANOL 4240 POLYOL,Down[1],ProcessWait[1],1,-1,-1,NA,7/7/2015 13:54,7/7/2015 13:55
1507170947,7/17/2015 15:06,7/18/2015 8:31,24240,VORANOL 4240 POLYOL,Down[1],ProcessWait[1],18,1,5,OK,7/17/2015 14:47,7/17/2015 15:06
1507191522,7/19/2015 20:23,7/20/2015 13:02,24240,VORANOL 4240 POLYOL,Down[1],ProcessWait[1],1,1,5,OK,7/19/2015 20:22,7/19/2015 20:23
1507200803,7/20/2015 13:59,7/21/2015 7:11,24240,VORANOL 4240 POLYOL,Down[1],ProcessWait[1],55,1,5,OK,7/20/2015 13:03,7/20/2015 13:59
1507211919,7/22/2015 0:20,7/22/2015 17:00,24240,VORANOL 4240 POLYOL,Down[1],ProcessWait[1],1,1,5,OK,7/22/2015 0:19,7/22/2015 0:20
1507272011,7/28/2015 22:07,7/29/2015 14:44,24240,VORANOL 4240 POLYOL,Down[1],ProcessWait[1],1256,1,5,OK,7/28/2015 1:11,7/28/2015 22:07
1508022042,8/3/2015 2:21,8/3/2015 18:47,24240,VORANOL 4240 POLYOL,Down[1],ProcessWait[1],39,1,5,OOC,8/3/2015 1:42,8/3/2015 2:21
1508071414,8/7/2015 19:18,8/8/2015 14:15,24240,VORANOL 4240 POLYOL,Down[1],ProcessWait[1],4,1,5,OK,8/7/2015 19:14,8/7/2015 19:18
1508080916,8/8/2015 14:17,8/9/2015 6:50,24240,VORANOL 4240 POLYOL,Down[1],ProcessWait[1],1,1,5,OK,8/8/2015 14:16,8/8/2015 14:17
1508091827,8/9/2015 23:28,8/10/2015 16:15,24240,VORANOL 4240 POLYOL,Down[1],ProcessWait[1],1,1,5,OK,8/9/2015 23:27,8/9/2015 23:28
1508110449,8/11/2015 9:50,8/12/2015 2:42,24240,VORANOL 4240 POLYOL,Down[1],ProcessWait[1],0,1,5,OK,8/11/2015 9:49,8/11/2015 9:50
1508121434,8/12/2015 19:35,8/13/2015 12:09,24240,VORANOL 4240 POLYOL,Down[1],ProcessWait[1],1,1,5,OK,8/12/2015 19:34,8/12/2015 19:35
1508132356,8/14/2015 4:57,8/14/2015 21:37,24240,VORANOL 4240 POLYOL,Down[1],ProcessWait[1],1,1,5,OK,8/14/2015 4:56,8/14/2015 4:57
1508170018,8/17/2015 5:49,8/17/2015 22:29,24240,VORANOL 4240 POLYOL,Down[1],ProcessWait[1],31,1,5,OOC,8/17/2015 5:18,8/17/2015 5:49
1508190536,8/19/2015 10:37,8/20/2015 3:06,24240,VORANOL 4240 POLYOL,Down[1],ProcessWait[1],1,1,5,OK,8/19/2015 10:36,8/19/2015 10:37
1509100635,9/10/2015 11:55,9/12/2015 5:20,24240,VORANOL 4240 POLYOL,Down[1],ProcessWait[1],20,1,5,OOC,9/10/2015 11:34,9/10/2015 11:55
1509120021,9/13/2015 1:29,9/14/2015 11:25,24240,VORANOL 4240 POLYOL,Down[1],ProcessWait[1],1208,1,5,OOC,9/12/2015 5:20,9/13/2015 1:29
1509140626,9/14/2015 11:27,9/15/2015 3:58,24240,VORANOL 4240 POLYOL,Down[1],ProcessWait[1],1,1,5,OK,9/14/2015 11:25,9/14/2015 11:27
1509190532,9/19/2015 20:05,9/20/2015 12:41,24240,VORANOL 4240 POLYOL,Down[1],ProcessWait[1],573,-1,-1,NA,9/19/2015 10:31,9/19/2015 20:05
1509291933,9/30/2015 7:19,10/2/2015 12:16,24240,VORANOL 4240 POLYOL,Down[1],ProcessWait[1],406,-1,-1,NA,9/30/2015 0:32,9/30/2015 7:19
1505311611,5/31/2015 21:11,6/1/2015 14:04,24240,VORANOL 4240 POLYOL,PreReaction[1],RMCharge[1],9,-1,-1,NA,5/31/2015 21:10,5/31/2015 21:20
1506010904,6/1/2015 14:05,6/2/2015 6:31,24240,VORANOL 4240 POLYOL,PreReaction[1],RMCharge[1],11,-1,-1,NA,6/1/2015 14:05,6/1/2015 14:17
1506020132,6/2/2015 6:32,6/2/2015 22:51,24240,VORANOL 4240 POLYOL,PreReaction[1],RMCharge[1],9,-1,-1,NA,6/2/2015 6:31,6/2/2015 6:41
1506021752,6/2/2015 22:52,6/3/2015 15:12,24240,VORANOL 4240 POLYOL,PreReaction[1],RMCharge[1],10,-1,-1,NA,6/2/2015 22:51,6/2/2015 23:02
1506071052,6/7/2015 15:52,6/8/2015 8:32,24240,VORANOL 4240 POLYOL,PreReaction[1],RMCharge[1],8,-1,-1,NA,6/7/2015 16:11,6/7/2015 16:20
1506080333,6/8/2015 8:33,6/9/2015 0:56,24240,VORANOL 4240 POLYOL,PreReaction[1],RMCharge[1],9,-1,-1,NA,6/8/2015 8:32,6/8/2015 8:41
1506081957,6/9/2015 0:58,6/9/2015 17:22,24240,VORANOL 4240 POLYOL,PreReaction[1],RMCharge[1],8,-1,-1,NA,6/9/2015 0:58,6/9/2015 1:06
1506091224,6/9/2015 17:22,6/10/2015 9:45,24240,VORANOL 4240 POLYOL,PreReaction[1],RMCharge[1],9,-1,-1,NA,6/9/2015 17:22,6/9/2015 17:31
1506100446,6/10/2015 9:45,6/11/2015 5:58,24240,VORANOL 4240 POLYOL,PreReaction[1],RMCharge[1],10,-1,-1,NA,6/10/2015 9:45,6/10/2015 9:56
1506110059,6/11/2015 5:59,6/11/2015 22:18,24240,VORANOL 4240 POLYOL,PreReaction[1],RMCharge[1],9,-1,-1,NA,6/11/2015 5:58,6/11/2015 6:08
1506182059,6/19/2015 2:01,6/19/2015 18:26,24240,VORANOL 4240 POLYOL,PreReaction[1],RMCharge[1],11,-1,-1,NA,6/19/2015 2:01,6/19/2015 2:13
1506191327,6/19/2015 18:38,6/20/2015 10:51,24240,VORANOL 4240 POLYOL,PreReaction[1],RMCharge[1],11,-1,-1,NA,6/19/2015 18:27,6/19/2015 18:38
1506200552,6/20/2015 11:04,6/21/2015 3:46,24240,VORANOL 4240 POLYOL,PreReaction[1],RMCharge[1],12,-1,-1,NA,6/20/2015 10:52,6/20/2015 11:04
1506200552,6/20/2015 11:04,6/21/2015 3:46,24240,VORANOL 4240 POLYOL,PreReaction[2],RMCharge[1],0,-1,-1,NA,6/20/2015 20:18,6/20/2015 20:18
1506202247,6/21/2015 3:59,6/21/2015 20:14,24240,VORANOL 4240 POLYOL,PreReaction[1],RMCharge[1],12,-1,-1,NA,6/21/2015 3:47,6/21/2015 3:59
1506202247,6/21/2015 3:59,6/21/2015 20:14,24240,VORANOL 4240 POLYOL,PreReaction[2],RMCharge[1],0,-1,-1,NA,6/21/2015 12:46,6/21/2015 12:46
1506211515,6/21/2015 20:16,6/22/2015 12:43,24240,VORANOL 4240 POLYOL,PreReaction[1],RMCharge[1],11,-1,-1,NA,6/21/2015 20:16,6/21/2015 20:27
1506220744,6/22/2015 12:54,6/23/2015 5:08,24240,VORANOL 4240 POLYOL,PreReaction[1],RMCharge[1],10,-1,-1,NA,6/22/2015 12:44,6/22/2015 12:54
1506220744,6/22/2015 12:54,6/23/2015 5:08,24240,VORANOL 4240 POLYOL,PreReaction[2],RMCharge[1],0,-1,-1,NA,6/22/2015 21:39,6/22/2015 21:39
1506230009,6/23/2015 5:19,6/23/2015 21:32,24240,VORANOL 4240 POLYOL,PreReaction[1],RMCharge[1],10,-1,-1,NA,6/23/2015 5:09,6/23/2015 5:19
1506231633,6/23/2015 21:34,6/24/2015 13:56,24240,VORANOL 4240 POLYOL,PreReaction[1],RMCharge[1],9,-1,-1,NA,6/23/2015 21:34,6/23/2015 21:43
1506240857,6/24/2015 13:58,6/25/2015 6:18,24240,VORANOL 4240 POLYOL,PreReaction[1],RMCharge[1],9,-1,-1,NA,6/24/2015 13:58,6/24/2015 14:07
1506250119,6/25/2015 6:29,6/25/2015 22:42,24240,VORANOL 4240 POLYOL,PreReaction[1],RMCharge[1],10,-1,-1,NA,6/25/2015 6:19,6/25/2015 6:29
1507032122,7/4/2015 2:58,7/4/2015 19:24,24240,VORANOL 4240 POLYOL,PreReaction[1],RMCharge[1],10,-1,-1,NA,7/4/2015 2:58,7/4/2015 3:09
1507041425,7/4/2015 19:36,7/5/2015 11:50,24240,VORANOL 4240 POLYOL,PreReaction[1],RMCharge[1],11,-1,-1,NA,7/4/2015 19:25,7/4/2015 19:36
1507050651,7/5/2015 11:52,7/6/2015 4:13,24240,VORANOL 4240 POLYOL,PreReaction[1],RMCharge[1],9,-1,-1,NA,7/5/2015 11:52,7/5/2015 12:01
1507052314,7/6/2015 4:24,7/6/2015 21:15,24240,VORANOL 4240 POLYOL,PreReaction[1],RMCharge[1],10,-1,-1,NA,7/6/2015 4:14,7/6/2015 4:24
1507061616,7/6/2015 21:27,7/7/2015 13:53,24240,VORANOL 4240 POLYOL,PreReaction[1],RMCharge[1],11,-1,-1,NA,7/6/2015 21:27,7/6/2015 21:38
1507070854,7/7/2015 13:55,7/8/2015 6:29,24240,VORANOL 4240 POLYOL,PreReaction[1],RMCharge[1],10,-1,-1,NA,7/7/2015 13:55,7/7/2015 14:05
1507170947,7/17/2015 15:06,7/18/2015 8:31,24240,VORANOL 4240 POLYOL,PreReaction[1],RMCharge[1],10,25,10,OK,7/17/2015 15:06,7/17/2015 15:16
1507180332,7/18/2015 8:43,7/19/2015 3:03,24240,VORANOL 4240 POLYOL,PreReaction[1],RMCharge[1],10,25,10,OK,7/18/2015 8:32,7/18/2015 8:43
1507182204,7/19/2015 3:13,7/19/2015 20:21,24240,VORANOL 4240 POLYOL,PreReaction[1],RMCharge[1],9,25,10,OK,7/19/2015 3:04,7/19/2015 3:13
1507191522,7/19/2015 20:23,7/20/2015 13:02,24240,VORANOL 4240 POLYOL,PreReaction[1],RMCharge[1],9,25,10,OK,7/19/2015 20:23,7/19/2015 20:32
1507200803,7/20/2015 13:59,7/21/2015 7:11,24240,VORANOL 4240 POLYOL,PreReaction[1],RMCharge[1],11,25,10,OK,7/20/2015 13:59,7/20/2015 14:10
1507210212,7/21/2015 7:22,7/22/2015 0:18,24240,VORANOL 4240 POLYOL,PreReaction[1],RMCharge[1],10,25,10,OK,7/21/2015 7:12,7/21/2015 7:22
1507211919,7/22/2015 0:20,7/22/2015 17:00,24240,VORANOL 4240 POLYOL,PreReaction[1],RMCharge[1],8,25,10,OK,7/22/2015 0:20,7/22/2015 0:29
1507272011,7/28/2015 22:07,7/29/2015 14:44,24240,VORANOL 4240 POLYOL,PreReaction[1],RMCharge[1],11,25,10,OK,7/28/2015 22:07,7/28/2015 22:18
1507290945,7/29/2015 14:54,7/30/2015 7:41,24240,VORANOL 4240 POLYOL,PreReaction[1],RMCharge[1],9,25,10,OK,7/29/2015 14:45,7/29/2015 14:54
1507300242,7/30/2015 7:51,7/31/2015 0:42,24240,VORANOL 4240 POLYOL,PreReaction[1],RMCharge[1],9,25,10,OK,7/30/2015 7:42,7/30/2015 7:51
1507301943,7/31/2015 0:52,7/31/2015 17:35,24240,VORANOL 4240 POLYOL,PreReaction[1],RMCharge[1],9,25,10,OK,7/31/2015 0:43,7/31/2015 0:52
1507311236,7/31/2015 17:45,8/1/2015 12:17,24240,VORANOL 4240 POLYOL,PreReaction[1],RMCharge[1],9,25,10,OK,7/31/2015 17:36,7/31/2015 17:45
1508010718,8/1/2015 12:28,8/2/2015 5:49,24240,VORANOL 4240 POLYOL,PreReaction[1],RMCharge[1],9,25,10,OK,8/1/2015 12:18,8/1/2015 12:28
1508020050,8/2/2015 5:59,8/3/2015 1:41,24240,VORANOL 4240 POLYOL,PreReaction[1],RMCharge[1],8,25,10,OK,8/2/2015 5:50,8/2/2015 5:59
1508022042,8/3/2015 2:21,8/3/2015 18:47,24240,VORANOL 4240 POLYOL,PreReaction[1],RMCharge[1],9,25,10,OK,8/3/2015 2:21,8/3/2015 2:31
1508031348,8/3/2015 18:57,8/4/2015 14:09,24240,VORANOL 4240 POLYOL,PreReaction[1],RMCharge[1],8,25,10,OK,8/3/2015 18:48,8/3/2015 18:57
1508071414,8/7/2015 19:18,8/8/2015 14:15,24240,VORANOL 4240 POLYOL,PreReaction[1],RMCharge[1],8,25,10,OK,8/7/2015 19:18,8/7/2015 19:27
1508080916,8/8/2015 14:17,8/9/2015 6:50,24240,VORANOL 4240 POLYOL,PreReaction[1],RMCharge[1],8,25,10,OK,8/8/2015 14:17,8/8/2015 14:26
1508090151,8/9/2015 7:01,8/9/2015 23:26,24240,VORANOL 4240 POLYOL,PreReaction[1],RMCharge[1],10,25,10,OK,8/9/2015 6:51,8/9/2015 7:01
1508091827,8/9/2015 23:28,8/10/2015 16:15,24240,VORANOL 4240 POLYOL,PreReaction[1],RMCharge[1],9,25,10,OK,8/9/2015 23:28,8/9/2015 23:37
1508101116,8/10/2015 17:19,8/11/2015 9:48,24240,VORANOL 4240 POLYOL,PreReaction[1],RMCharge[1],63,25,10,OOC,8/10/2015 16:16,8/10/2015 17:19
1508110449,8/11/2015 9:50,8/12/2015 2:42,24240,VORANOL 4240 POLYOL,PreReaction[1],RMCharge[1],9,25,10,OK,8/11/2015 9:50,8/11/2015 9:59
1508112143,8/12/2015 3:01,8/12/2015 19:33,24240,VORANOL 4240 POLYOL,PreReaction[1],RMCharge[1],18,25,10,OK,8/12/2015 2:43,8/12/2015 3:01
1508121434,8/12/2015 19:35,8/13/2015 12:09,24240,VORANOL 4240 POLYOL,PreReaction[1],RMCharge[1],21,25,10,OK,8/12/2015 19:35,8/12/2015 19:56
1508130710,8/13/2015 12:28,8/14/2015 4:55,24240,VORANOL 4240 POLYOL,PreReaction[1],RMCharge[1],17,25,10,OK,8/13/2015 12:10,8/13/2015 12:28
1508132356,8/14/2015 4:57,8/14/2015 21:37,24240,VORANOL 4240 POLYOL,PreReaction[1],RMCharge[1],17,25,10,OK,8/14/2015 4:57,8/14/2015 5:14
1508170018,8/17/2015 5:49,8/17/2015 22:29,24240,VORANOL 4240 POLYOL,PreReaction[1],RMCharge[1],25,25,10,OK,8/17/2015 5:49,8/17/2015 6:14
1508171730,8/17/2015 22:49,8/18/2015 17:57,24240,VORANOL 4240 POLYOL,PreReaction[1],RMCharge[1],19,25,10,OK,8/17/2015 22:30,8/17/2015 22:49
1508181258,8/18/2015 18:12,8/19/2015 10:35,24240,VORANOL 4240 POLYOL,PreReaction[1],RMCharge[1],14,25,10,OK,8/18/2015 17:58,8/18/2015 18:12
1508190536,8/19/2015 10:37,8/20/2015 3:06,24240,VORANOL 4240 POLYOL,PreReaction[1],RMCharge[1],15,25,10,OK,8/19/2015 10:37,8/19/2015 10:52
1508192207,8/20/2015 3:20,8/20/2015 19:52,24240,VORANOL 4240 POLYOL,PreReaction[1],RMCharge[1],13,25,10,OK,8/20/2015 3:07,8/20/2015 3:20
1508201453,8/20/2015 20:45,8/21/2015 14:26,24240,VORANOL 4240 POLYOL,PreReaction[1],RMCharge[1],52,25,10,OOC,8/20/2015 19:53,8/20/2015 20:45
1508210927,8/21/2015 14:53,8/22/2015 7:32,24240,VORANOL 4240 POLYOL,PreReaction[1],RMCharge[1],25,25,10,OK,8/21/2015 14:27,8/21/2015 14:53
1508220233,8/22/2015 7:49,8/23/2015 0:05,24240,VORANOL 4240 POLYOL,PreReaction[1],RMCharge[1],16,25,10,OK,8/22/2015 7:33,8/22/2015 7:49
1509100635,9/10/2015 11:55,9/12/2015 5:20,24240,VORANOL 4240 POLYOL,PreReaction[1],RMCharge[1],19,25,10,OK,9/10/2015 11:55,9/10/2015 12:14
1509120021,9/13/2015 1:29,9/14/2015 11:25,24240,VORANOL 4240 POLYOL,PreReaction[1],RMCharge[1],694,25,10,OOC,9/13/2015 1:29,9/13/2015 13:03
1509140626,9/14/2015 11:27,9/15/2015 3:58,24240,VORANOL 4240 POLYOL,PreReaction[1],RMCharge[1],15,25,10,OK,9/14/2015 11:27,9/14/2015 11:42
1509142259,9/15/2015 4:15,9/15/2015 20:28,24240,VORANOL 4240 POLYOL,PreReaction[1],RMCharge[1],16,25,10,OK,9/15/2015 3:58,9/15/2015 4:15
1509151529,9/15/2015 20:47,9/16/2015 13:03,24240,VORANOL 4240 POLYOL,PreReaction[1],RMCharge[1],18,25,10,OK,9/15/2015 20:28,9/15/2015 20:47
1509160804,9/16/2015 13:18,9/17/2015 5:34,24240,VORANOL 4240 POLYOL,PreReaction[1],RMCharge[1],14,25,10,OK,9/16/2015 13:03,9/16/2015 13:18
1509190532,9/19/2015 20:05,9/20/2015 12:41,24240,VORANOL 4240 POLYOL,PreReaction[1],RMCharge[1],20,25,10,OK,9/19/2015 20:05,9/19/2015 20:25
1509200742,9/20/2015 13:01,9/21/2015 5:17,24240,VORANOL 4240 POLYOL,PreReaction[1],RMCharge[1],19,25,10,OK,9/20/2015 12:41,9/20/2015 13:01
1509210018,9/21/2015 5:34,9/21/2015 21:51,24240,VORANOL 4240 POLYOL,PreReaction[1],RMCharge[1],16,25,10,OK,9/21/2015 5:17,9/21/2015 5:34
1509211652,9/21/2015 22:09,9/22/2015 14:24,24240,VORANOL 4240 POLYOL,PreReaction[1],RMCharge[1],17,25,10,OK,9/21/2015 21:51,9/21/2015 22:09
1509220925,9/22/2015 14:44,9/23/2015 6:58,24240,VORANOL 4240 POLYOL,PreReaction[1],RMCharge[1],19,25,10,OK,9/22/2015 14:24,9/22/2015 14:44
1509230159,9/23/2015 7:12,9/23/2015 23:46,24240,VORANOL 4240 POLYOL,PreReaction[1],RMCharge[1],13,25,10,OK,9/23/2015 6:58,9/23/2015 7:12
1509231847,9/24/2015 0:03,9/24/2015 16:28,24240,VORANOL 4240 POLYOL,PreReaction[1],RMCharge[1],16,25,10,OK,9/23/2015 23:46,9/24/2015 0:03
1509291933,9/30/2015 7:19,10/2/2015 12:16,24240,VORANOL 4240 POLYOL,PreReaction[1],RMCharge[1],23,25,10,OK,9/30/2015 7:19,9/30/2015 7:42
1505311611,5/31/2015 21:11,6/1/2015 14:04,24240,VORANOL 4240 POLYOL,Empty[1],Transfer[1],30,-1,-1,NA,6/1/2015 13:28,6/1/2015 13:58
1506010904,6/1/2015 14:05,6/2/2015 6:31,24240,VORANOL 4240 POLYOL,Empty[1],Transfer[1],30,-1,-1,NA,6/2/2015 5:55,6/2/2015 6:25
1506020132,6/2/2015 6:32,6/2/2015 22:51,24240,VORANOL 4240 POLYOL,Empty[1],Transfer[1],28,-1,-1,NA,6/2/2015 22:16,6/2/2015 22:45
1506021752,6/2/2015 22:52,6/3/2015 15:12,24240,VORANOL 4240 POLYOL,Empty[1],Transfer[1],29,-1,-1,NA,6/3/2015 14:36,6/3/2015 15:06
1506071052,6/7/2015 15:52,6/8/2015 8:32,24240,VORANOL 4240 POLYOL,Empty[1],Transfer[1],30,-1,-1,NA,6/8/2015 7:55,6/8/2015 8:25
1506080333,6/8/2015 8:33,6/9/2015 0:56,24240,VORANOL 4240 POLYOL,Empty[1],Transfer[1],28,-1,-1,NA,6/9/2015 0:21,6/9/2015 0:49
1506081957,6/9/2015 0:58,6/9/2015 17:22,24240,VORANOL 4240 POLYOL,Empty[1],Transfer[1],30,-1,-1,NA,6/9/2015 16:44,6/9/2015 17:14
1506091224,6/9/2015 17:22,6/10/2015 9:45,24240,VORANOL 4240 POLYOL,Empty[1],Transfer[1],28,-1,-1,NA,6/10/2015 9:08,6/10/2015 9:37
1506100446,6/10/2015 9:45,6/11/2015 5:58,24240,VORANOL 4240 POLYOL,Empty[1],Transfer[1],31,-1,-1,NA,6/11/2015 5:20,6/11/2015 5:51
1506110059,6/11/2015 5:59,6/11/2015 22:18,24240,VORANOL 4240 POLYOL,Empty[1],Transfer[1],30,-1,-1,NA,6/11/2015 21:44,6/11/2015 22:14
1506182059,6/19/2015 2:01,6/19/2015 18:26,24240,VORANOL 4240 POLYOL,Empty[1],Transfer[1],29,-1,-1,NA,6/19/2015 17:53,6/19/2015 18:22
1506191327,6/19/2015 18:38,6/20/2015 10:51,24240,VORANOL 4240 POLYOL,Empty[2],Transfer[1],29,-1,-1,NA,6/20/2015 10:18,6/20/2015 10:47
1506200552,6/20/2015 11:04,6/21/2015 3:46,24240,VORANOL 4240 POLYOL,Empty[1],Transfer[1],29,-1,-1,NA,6/21/2015 3:09,6/21/2015 3:38
1506202247,6/21/2015 3:59,6/21/2015 20:14,24240,VORANOL 4240 POLYOL,Empty[1],Transfer[1],30,-1,-1,NA,6/21/2015 19:38,6/21/2015 20:08
1506211515,6/21/2015 20:16,6/22/2015 12:43,24240,VORANOL 4240 POLYOL,Empty[1],Transfer[1],30,-1,-1,NA,6/22/2015 12:06,6/22/2015 12:36
1506220744,6/22/2015 12:54,6/23/2015 5:08,24240,VORANOL 4240 POLYOL,Empty[1],Transfer[1],30,-1,-1,NA,6/23/2015 4:32,6/23/2015 5:02
1506230009,6/23/2015 5:19,6/23/2015 21:32,24240,VORANOL 4240 POLYOL,Empty[2],Transfer[1],29,-1,-1,NA,6/23/2015 20:57,6/23/2015 21:27
1506231633,6/23/2015 21:34,6/24/2015 13:56,24240,VORANOL 4240 POLYOL,Empty[1],Transfer[1],30,-1,-1,NA,6/24/2015 13:20,6/24/2015 13:50
1506240857,6/24/2015 13:58,6/25/2015 6:18,24240,VORANOL 4240 POLYOL,Empty[1],Transfer[1],29,-1,-1,NA,6/25/2015 5:43,6/25/2015 6:12
1506250119,6/25/2015 6:29,6/25/2015 22:42,24240,VORANOL 4240 POLYOL,Empty[1],Transfer[1],29,-1,-1,NA,6/25/2015 22:07,6/25/2015 22:36
1507032122,7/4/2015 2:58,7/4/2015 19:24,24240,VORANOL 4240 POLYOL,Empty[1],Transfer[1],30,-1,-1,NA,7/4/2015 18:48,7/4/2015 19:18
1507041425,7/4/2015 19:36,7/5/2015 11:50,24240,VORANOL 4240 POLYOL,Empty[1],Transfer[1],28,-1,-1,NA,7/5/2015 11:14,7/5/2015 11:43
1507050651,7/5/2015 11:52,7/6/2015 4:13,24240,VORANOL 4240 POLYOL,Empty[1],Transfer[1],29,-1,-1,NA,7/6/2015 3:38,7/6/2015 4:07
1507052314,7/6/2015 4:24,7/6/2015 21:15,24240,VORANOL 4240 POLYOL,Empty[1],Transfer[1],28,-1,-1,NA,7/6/2015 20:39,7/6/2015 21:08
1507061616,7/6/2015 21:27,7/7/2015 13:53,24240,VORANOL 4240 POLYOL,Empty[1],Transfer[1],30,-1,-1,NA,7/7/2015 13:17,7/7/2015 13:47
1507070854,7/7/2015 13:55,7/8/2015 6:29,24240,VORANOL 4240 POLYOL,Empty[1],Transfer[1],30,-1,-1,NA,7/8/2015 5:53,7/8/2015 6:23
1507170947,7/17/2015 15:06,7/18/2015 8:31,24240,VORANOL 4240 POLYOL,Empty[1],Transfer[1],49,33,5,OK,7/18/2015 7:37,7/18/2015 8:26
1507180332,7/18/2015 8:43,7/19/2015 3:03,24240,VORANOL 4240 POLYOL,Empty[1],Transfer[1],30,33,5,OK,7/19/2015 2:26,7/19/2015 2:56
1507182204,7/19/2015 3:13,7/19/2015 20:21,24240,VORANOL 4240 POLYOL,Empty[1],Transfer[1],30,33,5,OK,7/19/2015 19:46,7/19/2015 20:16
1507191522,7/19/2015 20:23,7/20/2015 13:02,24240,VORANOL 4240 POLYOL,Empty[1],Transfer[1],30,33,5,OK,7/20/2015 12:26,7/20/2015 12:56
1507200803,7/20/2015 13:59,7/21/2015 7:11,24240,VORANOL 4240 POLYOL,Empty[1],Transfer[1],30,33,5,OK,7/21/2015 6:36,7/21/2015 7:06
1507210212,7/21/2015 7:22,7/22/2015 0:18,24240,VORANOL 4240 POLYOL,Empty[1],Transfer[1],28,33,5,OK,7/21/2015 23:43,7/22/2015 0:12
1507211919,7/22/2015 0:20,7/22/2015 17:00,24240,VORANOL 4240 POLYOL,Empty[1],Transfer[1],29,33,5,OK,7/22/2015 16:27,7/22/2015 16:56
1507272011,7/28/2015 22:07,7/29/2015 14:44,24240,VORANOL 4240 POLYOL,Empty[1],Transfer[1],30,33,5,OK,7/29/2015 14:07,7/29/2015 14:37
1507290945,7/29/2015 14:54,7/30/2015 7:41,24240,VORANOL 4240 POLYOL,Empty[1],Transfer[1],30,33,5,OK,7/30/2015 7:05,7/30/2015 7:35
1507300242,7/30/2015 7:51,7/31/2015 0:42,24240,VORANOL 4240 POLYOL,Empty[1],Transfer[1],30,33,5,OK,7/31/2015 0:05,7/31/2015 0:36
1507301943,7/31/2015 0:52,7/31/2015 17:35,24240,VORANOL 4240 POLYOL,Empty[1],Transfer[1],31,33,5,OK,7/31/2015 16:58,7/31/2015 17:29
1507311236,7/31/2015 17:45,8/1/2015 12:17,24240,VORANOL 4240 POLYOL,Empty[1],Transfer[1],31,33,5,OK,8/1/2015 11:39,8/1/2015 12:10
1508010718,8/1/2015 12:28,8/2/2015 5:49,24240,VORANOL 4240 POLYOL,Empty[1],Transfer[1],30,33,5,OK,8/2/2015 5:13,8/2/2015 5:43
1508020050,8/2/2015 5:59,8/3/2015 1:41,24240,VORANOL 4240 POLYOL,Empty[1],Transfer[1],29,33,5,OK,8/3/2015 1:08,8/3/2015 1:37
1508022042,8/3/2015 2:21,8/3/2015 18:47,24240,VORANOL 4240 POLYOL,Empty[1],Transfer[1],30,33,5,OK,8/3/2015 18:13,8/3/2015 18:43
1508031348,8/3/2015 18:57,8/4/2015 14:09,24240,VORANOL 4240 POLYOL,Empty[1],Transfer[1],30,33,5,OK,8/4/2015 13:35,8/4/2015 14:05
1508071414,8/7/2015 19:18,8/8/2015 14:15,24240,VORANOL 4240 POLYOL,Empty[1],Transfer[1],31,33,5,OK,8/8/2015 13:38,8/8/2015 14:09
1508080916,8/8/2015 14:17,8/9/2015 6:50,24240,VORANOL 4240 POLYOL,Empty[1],Transfer[1],30,33,5,OK,8/9/2015 6:13,8/9/2015 6:43
1508090151,8/9/2015 7:01,8/9/2015 23:26,24240,VORANOL 4240 POLYOL,Empty[1],Transfer[1],30,33,5,OK,8/9/2015 22:52,8/9/2015 23:22
1508091827,8/9/2015 23:28,8/10/2015 16:15,24240,VORANOL 4240 POLYOL,Empty[1],Transfer[1],30,33,5,OK,8/10/2015 15:41,8/10/2015 16:11
1508101116,8/10/2015 17:19,8/11/2015 9:48,24240,VORANOL 4240 POLYOL,Empty[1],Transfer[1],30,33,5,OK,8/11/2015 9:11,8/11/2015 9:41
1508110449,8/11/2015 9:50,8/12/2015 2:42,24240,VORANOL 4240 POLYOL,Empty[1],Transfer[1],31,33,5,OK,8/12/2015 2:07,8/12/2015 2:38
1508112143,8/12/2015 3:01,8/12/2015 19:33,24240,VORANOL 4240 POLYOL,Empty[1],Transfer[1],30,33,5,OK,8/12/2015 18:56,8/12/2015 19:26
1508121434,8/12/2015 19:35,8/13/2015 12:09,24240,VORANOL 4240 POLYOL,Empty[1],Transfer[1],31,33,5,OK,8/13/2015 11:35,8/13/2015 12:06
1508130710,8/13/2015 12:28,8/14/2015 4:55,24240,VORANOL 4240 POLYOL,Empty[1],Transfer[1],30,33,5,OK,8/14/2015 4:19,8/14/2015 4:49
1508132356,8/14/2015 4:57,8/14/2015 21:37,24240,VORANOL 4240 POLYOL,Empty[1],Transfer[1],30,33,5,OK,8/14/2015 21:00,8/14/2015 21:30
1508170018,8/17/2015 5:49,8/17/2015 22:29,24240,VORANOL 4240 POLYOL,Empty[1],Transfer[1],29,33,5,OK,8/17/2015 21:52,8/17/2015 22:22
1508171730,8/17/2015 22:49,8/18/2015 17:57,24240,VORANOL 4240 POLYOL,Empty[1],Transfer[1],30,33,5,OK,8/18/2015 17:21,8/18/2015 17:51
1508181258,8/18/2015 18:12,8/19/2015 10:35,24240,VORANOL 4240 POLYOL,Empty[1],Transfer[1],29,33,5,OK,8/19/2015 10:01,8/19/2015 10:31
1508190536,8/19/2015 10:37,8/20/2015 3:06,24240,VORANOL 4240 POLYOL,Empty[1],Transfer[1],28,33,5,OK,8/20/2015 2:31,8/20/2015 2:59
1508192207,8/20/2015 3:20,8/20/2015 19:52,24240,VORANOL 4240 POLYOL,Empty[1],Transfer[1],33,33,5,OK,8/20/2015 19:15,8/20/2015 19:48
1508201453,8/20/2015 20:45,8/21/2015 14:26,24240,VORANOL 4240 POLYOL,Empty[1],Transfer[1],52,33,5,OOC,8/21/2015 13:27,8/21/2015 14:19
1508210927,8/21/2015 14:53,8/22/2015 7:32,24240,VORANOL 4240 POLYOL,Empty[1],Transfer[1],28,33,5,OK,8/22/2015 6:56,8/22/2015 7:24
1508220233,8/22/2015 7:49,8/23/2015 0:05,24240,VORANOL 4240 POLYOL,Empty[1],Transfer[1],29,33,5,OK,8/22/2015 23:29,8/22/2015 23:58
1509100635,9/10/2015 11:55,9/12/2015 5:20,24240,VORANOL 4240 POLYOL,Empty[1],Transfer[1],6,33,5,OK,9/12/2015 5:05,9/12/2015 5:12
1509120021,9/13/2015 1:29,9/14/2015 11:25,24240,VORANOL 4240 POLYOL,Empty[1],Transfer[1],54,33,5,OOC,9/14/2015 10:27,9/14/2015 11:21
1509140626,9/14/2015 11:27,9/15/2015 3:58,24240,VORANOL 4240 POLYOL,Empty[1],Transfer[1],28,33,5,OK,9/15/2015 3:20,9/15/2015 3:49
1509142259,9/15/2015 4:15,9/15/2015 20:28,24240,VORANOL 4240 POLYOL,Empty[1],Transfer[1],29,33,5,OK,9/15/2015 19:53,9/15/2015 20:22
1509151529,9/15/2015 20:47,9/16/2015 13:03,24240,VORANOL 4240 POLYOL,Empty[1],Transfer[1],29,33,5,OK,9/16/2015 12:25,9/16/2015 12:55
1509160804,9/16/2015 13:18,9/17/2015 5:34,24240,VORANOL 4240 POLYOL,Empty[1],Transfer[1],30,33,5,OK,9/17/2015 4:56,9/17/2015 5:26
1509190532,9/19/2015 20:05,9/20/2015 12:41,24240,VORANOL 4240 POLYOL,Empty[1],Transfer[1],28,33,5,OK,9/20/2015 12:06,9/20/2015 12:34
1509200742,9/20/2015 13:01,9/21/2015 5:17,24240,VORANOL 4240 POLYOL,Empty[1],Transfer[1],28,33,5,OK,9/21/2015 4:42,9/21/2015 5:10
1509210018,9/21/2015 5:34,9/21/2015 21:51,24240,VORANOL 4240 POLYOL,Empty[1],Transfer[1],29,33,5,OK,9/21/2015 21:16,9/21/2015 21:45
1509211652,9/21/2015 22:09,9/22/2015 14:24,24240,VORANOL 4240 POLYOL,Empty[1],Transfer[1],30,33,5,OK,9/22/2015 13:48,9/22/2015 14:18
1509220925,9/22/2015 14:44,9/23/2015 6:58,24240,VORANOL 4240 POLYOL,Empty[1],Transfer[1],30,33,5,OK,9/23/2015 6:22,9/23/2015 6:52
1509230159,9/23/2015 7:12,9/23/2015 23:46,24240,VORANOL 4240 POLYOL,Empty[1],Transfer[1],30,33,5,OK,9/23/2015 23:10,9/23/2015 23:40
1509231847,9/24/2015 0:03,9/24/2015 16:28,24240,VORANOL 4240 POLYOL,Empty[1],Transfer[1],30,33,5,OK,9/24/2015 15:54,9/24/2015 16:24
1509291933,9/30/2015 7:19,10/2/2015 12:16,24240,VORANOL 4240 POLYOL,Empty[1],Transfer[1],58,33,5,OOC,10/2/2015 11:15,10/2/2015 12:13
1505311611,5/31/2015 21:11,6/1/2015 14:04,24240,VORANOL 4240 POLYOL,Empty[1],WaitTransfer[1],1,-1,-1,NA,6/1/2015 13:27,6/1/2015 13:28
1506010904,6/1/2015 14:05,6/2/2015 6:31,24240,VORANOL 4240 POLYOL,Empty[1],WaitTransfer[1],1,-1,-1,NA,6/2/2015 5:54,6/2/2015 5:55
1506021752,6/2/2015 22:52,6/3/2015 15:12,24240,VORANOL 4240 POLYOL,Empty[1],WaitTransfer[1],1,-1,-1,NA,6/3/2015 14:35,6/3/2015 14:36
1506080333,6/8/2015 8:33,6/9/2015 0:56,24240,VORANOL 4240 POLYOL,Empty[1],WaitTransfer[1],0,-1,-1,NA,6/9/2015 0:20,6/9/2015 0:21
1506100446,6/10/2015 9:45,6/11/2015 5:58,24240,VORANOL 4240 POLYOL,Empty[1],WaitTransfer[1],2,-1,-1,NA,6/11/2015 5:18,6/11/2015 5:20
1506110059,6/11/2015 5:59,6/11/2015 22:18,24240,VORANOL 4240 POLYOL,Empty[1],WaitTransfer[1],1,-1,-1,NA,6/11/2015 21:43,6/11/2015 21:44
1506182059,6/19/2015 2:01,6/19/2015 18:26,24240,VORANOL 4240 POLYOL,Empty[1],WaitTransfer[1],1,-1,-1,NA,6/19/2015 17:52,6/19/2015 17:53
1506191327,6/19/2015 18:38,6/20/2015 10:51,24240,VORANOL 4240 POLYOL,Empty[2],WaitTransfer[1],1,-1,-1,NA,6/20/2015 10:17,6/20/2015 10:18
1506240857,6/24/2015 13:58,6/25/2015 6:18,24240,VORANOL 4240 POLYOL,Empty[1],WaitTransfer[1],1,-1,-1,NA,6/25/2015 5:42,6/25/2015 5:43
1506250119,6/25/2015 6:29,6/25/2015 22:42,24240,VORANOL 4240 POLYOL,Empty[1],WaitTransfer[1],1,-1,-1,NA,6/25/2015 22:06,6/25/2015 22:07
1507041425,7/4/2015 19:36,7/5/2015 11:50,24240,VORANOL 4240 POLYOL,Empty[1],WaitTransfer[1],1,-1,-1,NA,7/5/2015 11:13,7/5/2015 11:14
1507050651,7/5/2015 11:52,7/6/2015 4:13,24240,VORANOL 4240 POLYOL,Empty[1],WaitTransfer[1],1,-1,-1,NA,7/6/2015 3:37,7/6/2015 3:38
1507052314,7/6/2015 4:24,7/6/2015 21:15,24240,VORANOL 4240 POLYOL,Empty[1],WaitTransfer[1],1,-1,-1,NA,7/6/2015 20:38,7/6/2015 20:39
1507170947,7/17/2015 15:06,7/18/2015 8:31,24240,VORANOL 4240 POLYOL,Empty[1],WaitTransfer[1],29,1,5,OK,7/18/2015 7:08,7/18/2015 7:37
1507180332,7/18/2015 8:43,7/19/2015 3:03,24240,VORANOL 4240 POLYOL,Empty[1],WaitTransfer[1],1,1,5,OK,7/19/2015 2:25,7/19/2015 2:26
1507182204,7/19/2015 3:13,7/19/2015 20:21,24240,VORANOL 4240 POLYOL,Empty[1],WaitTransfer[1],0,1,5,OK,7/19/2015 19:45,7/19/2015 19:46
1507191522,7/19/2015 20:23,7/20/2015 13:02,24240,VORANOL 4240 POLYOL,Empty[1],WaitTransfer[1],1,1,5,OK,7/20/2015 12:25,7/20/2015 12:26
1507200803,7/20/2015 13:59,7/21/2015 7:11,24240,VORANOL 4240 POLYOL,Empty[1],WaitTransfer[1],1,1,5,OK,7/21/2015 6:35,7/21/2015 6:36
1507210212,7/21/2015 7:22,7/22/2015 0:18,24240,VORANOL 4240 POLYOL,Empty[1],WaitTransfer[1],1,1,5,OK,7/21/2015 23:42,7/21/2015 23:43
1507211919,7/22/2015 0:20,7/22/2015 17:00,24240,VORANOL 4240 POLYOL,Empty[1],WaitTransfer[1],1,1,5,OK,7/22/2015 16:26,7/22/2015 16:27
1507272011,7/28/2015 22:07,7/29/2015 14:44,24240,VORANOL 4240 POLYOL,Empty[1],WaitTransfer[1],1,1,5,OK,7/29/2015 14:06,7/29/2015 14:07
1507290945,7/29/2015 14:54,7/30/2015 7:41,24240,VORANOL 4240 POLYOL,Empty[1],WaitTransfer[1],1,1,5,OK,7/30/2015 7:04,7/30/2015 7:05
1508020050,8/2/2015 5:59,8/3/2015 1:41,24240,VORANOL 4240 POLYOL,Empty[1],WaitTransfer[1],1,1,5,OK,8/3/2015 1:07,8/3/2015 1:08
1508171730,8/17/2015 22:49,8/18/2015 17:57,24240,VORANOL 4240 POLYOL,Empty[1],WaitTransfer[1],0,1,5,OK,8/18/2015 17:20,8/18/2015 17:21
1508190536,8/19/2015 10:37,8/20/2015 3:06,24240,VORANOL 4240 POLYOL,Empty[1],WaitTransfer[1],0,1,5,OK,8/20/2015 2:30,8/20/2015 2:31
1508192207,8/20/2015 3:20,8/20/2015 19:52,24240,VORANOL 4240 POLYOL,Empty[1],WaitTransfer[1],8,1,5,OOC,8/20/2015 19:07,8/20/2015 19:15
1508201453,8/20/2015 20:45,8/21/2015 14:26,24240,VORANOL 4240 POLYOL,Empty[1],WaitTransfer[1],43,1,5,OOC,8/21/2015 12:44,8/21/2015 13:27
1508210927,8/21/2015 14:53,8/22/2015 7:32,24240,VORANOL 4240 POLYOL,Empty[1],WaitTransfer[1],1,1,5,OK,8/22/2015 6:55,8/22/2015 6:56
1508220233,8/22/2015 7:49,8/23/2015 0:05,24240,VORANOL 4240 POLYOL,Empty[1],WaitTransfer[1],1,1,5,OK,8/22/2015 23:28,8/22/2015 23:29
1509100635,9/10/2015 11:55,9/12/2015 5:20,24240,VORANOL 4240 POLYOL,Empty[1],WaitTransfer[1],203,1,5,OOC,9/12/2015 1:42,9/12/2015 5:05
1509120021,9/13/2015 1:29,9/14/2015 11:25,24240,VORANOL 4240 POLYOL,Empty[1],WaitTransfer[1],345,1,5,OOC,9/14/2015 4:42,9/14/2015 10:27
1509190532,9/19/2015 20:05,9/20/2015 12:41,24240,VORANOL 4240 POLYOL,Empty[1],WaitTransfer[1],1,1,5,OK,9/20/2015 12:05,9/20/2015 12:06
1509200742,9/20/2015 13:01,9/21/2015 5:17,24240,VORANOL 4240 POLYOL,Empty[1],WaitTransfer[1],1,1,5,OK,9/21/2015 4:41,9/21/2015 4:42
1509291933,9/30/2015 7:19,10/2/2015 12:16,24240,VORANOL 4240 POLYOL,Empty[1],WaitTransfer[1],2019,1,5,OOC,10/1/2015 1:36,10/2/2015 11:15
